id,start_time,end_phase_a_pro_time,end_phase_a_vali_time,end_time,duration,len_block_range,bypass_com_num,all_com_num,booth
0,1756982727225,1756982727225,1756982727381,1756982728367,1142,1,56,75,"1, 3, 5, 7, 10, 16, 19, 20, 21, 22, 23, 25, 28, 31, 34, 39, 46, 50, 55, 59, 65, 66, 69, 73, 74, 76"
1,1756982727775,1756982727865,1756982729337,1756982730588,2813,10,45,78,"1, 5, 11, 12, 19, 25, 27, 28, 35, 38, 44, 45, 49, 50, 51, 53, 54, 60, 61, 66, 67, 72, 73, 75, 76, 77, 79"
2,1756982728512,1756982728513,1756982731533,1756982733644,5132,15,49,78,"1, 4, 5, 8, 9, 11, 12, 13, 20, 21, 24, 27, 29, 31, 36, 44, 45, 49, 53, 54, 59, 60, 62, 65, 69, 71, 75"
3,1756982729242,1756982729242,1756982730009,1756982731869,2627,4,49,78,"1, 4, 5, 8, 9, 11, 12, 13, 20, 21, 24, 27, 29, 31, 36, 44, 45, 49, 53, 54, 59, 60, 62, 65, 69, 71, 75"
4,1756982729807,1756982729807,1756982730274,1756982732738,2931,3,49,78,"1, 4, 5, 8, 9, 11, 12, 13, 20, 21, 24, 27, 29, 31, 36, 44, 45, 49, 53, 54, 59, 60, 62, 65, 69, 71, 75"
5,1756982730436,1756982730475,1756982731897,1756982734167,3731,5,50,78,"1, 10, 14, 17, 18, 19, 21, 22, 25, 29, 31, 34, 36, 37, 41, 43, 44, 47, 51, 52, 57, 58, 62, 64, 67, 72, 79"
6,1756982731071,1756982731072,1756982735093,1756982738194,7123,19,52,78,"1, 10, 14, 17, 18, 19, 21, 22, 25, 29, 31, 34, 36, 37, 41, 43, 44, 47, 51, 52, 57, 58, 62, 64, 67, 72, 79"
7,1756982732494,1756982732494,1756982736349,1756982739257,6763,19,46,78,"1, 3, 7, 8, 11, 22, 24, 28, 29, 33, 35, 38, 39, 46, 48, 50, 55, 56, 57, 58, 63, 64, 65, 68, 70, 77, 79"
8,1756982733498,1756982733498,1756982735649,1756982738819,5321,9,50,78,"1, 7, 13, 15, 16, 17, 19, 23, 24, 27, 31, 33, 35, 37, 38, 45, 48, 49, 50, 51, 55, 58, 59, 68, 69, 71, 78"
9,1756982734504,1756982734604,1756982737519,1756982739952,5448,13,70,81,"1, 3, 4, 5, 7, 8, 10, 13, 15, 18, 19, 21, 27, 29, 30, 31, 34, 35, 38, 39, 41, 48, 61, 64, 69, 74, 76, 82"
10,1756982735563,1756982735563,1756982738079,1756982740496,4933,10,50,81,"1, 5, 8, 18, 25, 30, 31, 38, 43, 44, 45, 46, 48, 49, 50, 51, 52, 56, 61, 64, 65, 67, 68, 72, 76, 78, 80, 81"
11,1756982736427,1756982736427,1756982739198,1756982740742,4315,12,62,81,"1, 4, 10, 14, 20, 21, 23, 25, 27, 30, 32, 35, 37, 39, 40, 45, 46, 47, 51, 52, 53, 64, 67, 68, 72, 75, 77, 79"
12,1756982737397,1756982737676,1756982739325,1756982741378,3981,8,66,81,"1, 5, 10, 12, 24, 25, 27, 29, 30, 31, 33, 34, 37, 38, 42, 46, 47, 50, 52, 55, 62, 65, 67, 78, 81, 82, 83, 84"
13,1756982738824,1756982738824,1756982741174,1756982742482,3658,15,62,81,"1, 6, 11, 15, 17, 18, 21, 25, 26, 32, 33, 34, 35, 39, 40, 42, 44, 45, 48, 51, 56, 58, 63, 69, 70, 72, 81, 83"
14,1756982739983,1756982740016,1756982743218,1756982745903,5920,16,63,81,"1, 4, 5, 10, 11, 13, 15, 28, 29, 31, 33, 35, 38, 41, 43, 45, 49, 52, 54, 55, 57, 61, 71, 73, 76, 77, 79, 83"
15,1756982741253,1756982741313,1756982744712,1756982747799,6546,15,59,84,"1, 8, 15, 16, 17, 19, 20, 23, 28, 29, 35, 39, 43, 46, 47, 53, 58, 60, 61, 62, 66, 68, 69, 72, 76, 78, 80, 83, 84"
16,1756982742482,1756982742482,1756982744747,1756982747231,4749,10,61,84,"1, 4, 8, 13, 17, 18, 22, 29, 30, 31, 36, 37, 39, 40, 41, 43, 44, 45, 48, 54, 55, 56, 57, 60, 61, 65, 67, 68, 73"
17,1756982743580,1756982743580,1756982745423,1756982748797,5217,9,59,84,"1, 3, 4, 5, 6, 9, 10, 12, 13, 18, 19, 24, 30, 33, 39, 44, 50, 52, 60, 61, 64, 65, 72, 74, 75, 76, 77, 78, 83"
18,1756982744548,1756982744548,1756982746866,1756982750365,5817,9,66,84,"1, 4, 7, 10, 18, 25, 26, 27, 29, 31, 34, 39, 40, 43, 46, 49, 52, 53, 54, 55, 58, 63, 64, 71, 74, 75, 77, 80, 86"
19,1756982745615,1756982745697,1756982749268,1756982751996,6381,15,69,84,"1, 4, 8, 12, 19, 20, 22, 24, 26, 28, 30, 32, 33, 34, 35, 39, 41, 44, 47, 51, 53, 55, 60, 66, 68, 69, 75, 77, 79"
20,1756982746533,1756982746533,1756982749371,1756982752777,6244,9,68,84,"1, 3, 4, 9, 13, 14, 18, 19, 20, 21, 23, 27, 33, 34, 36, 40, 41, 42, 43, 49, 51, 56, 60, 66, 69, 71, 76, 78, 79"
21,1756982747627,1756982747667,1756982751765,1756982755523,7896,15,69,87,"1, 7, 8, 9, 12, 15, 16, 19, 23, 28, 32, 33, 39, 43, 45, 48, 51, 52, 53, 54, 56, 58, 60, 64, 67, 69, 70, 71, 72, 83"
22,1756982749170,1756982749171,1756982752878,1756982755969,6799,15,76,85,"1, 3, 6, 9, 10, 16, 18, 21, 22, 24, 26, 27, 29, 32, 33, 37, 39, 48, 51, 52, 55, 56, 58, 62, 67, 73, 79, 80, 81, 84"
23,1756982750148,1756982750148,1756982752408,1756982755773,5625,10,65,87,"1, 10, 11, 15, 20, 21, 29, 31, 40, 43, 45, 46, 47, 48, 50, 52, 56, 57, 61, 66, 68, 71, 72, 73, 74, 77, 80, 84, 85, 87"
24,1756982751029,1756982751180,1756982751874,1756982755533,4504,2,71,86,"1, 3, 6, 8, 12, 15, 19, 22, 23, 25, 26, 30, 31, 33, 38, 41, 42, 43, 48, 49, 58, 60, 63, 68, 70, 73, 75, 80, 81, 83"
25,1756982751744,1756982751744,1756982753187,1756982757085,5341,6,66,85,"1, 5, 7, 8, 13, 14, 17, 18, 21, 29, 32, 33, 37, 42, 47, 50, 51, 56, 63, 66, 71, 72, 73, 74, 75, 79, 83, 84, 85, 88"
26,1756982752721,1756982752721,1756982755310,1756982758836,6115,10,73,87,"1, 13, 16, 17, 19, 20, 24, 25, 27, 33, 34, 37, 39, 42, 45, 47, 48, 50, 52, 53, 57, 60, 63, 67, 69, 70, 75, 77, 82, 85"
27,1756982753566,1756982753566,1756982756050,1756982759636,6070,9,61,84,"1, 4, 8, 12, 15, 18, 22, 28, 30, 31, 32, 37, 38, 44, 46, 48, 52, 54, 55, 56, 64, 67, 69, 70, 73, 75, 77, 78, 80, 84"
28,1756982754487,1756982754487,1756982757967,1756982761117,6630,11,63,85,"1, 7, 14, 17, 20, 32, 33, 34, 39, 40, 46, 47, 50, 53, 54, 55, 57, 63, 66, 70, 71, 72, 73, 74, 76, 80, 82, 85, 87, 89"
29,1756982755796,1756982755796,1756982760090,1756982762860,7064,14,72,82,"1, 11, 12, 14, 16, 17, 23, 25, 28, 29, 30, 31, 33, 34, 35, 36, 38, 42, 44, 47, 49, 54, 56, 68, 72, 73, 76, 85, 88"
30,1756982757156,1756982757157,1756982760744,1756982763470,6314,14,73,81,"1, 9, 12, 13, 14, 16, 21, 22, 30, 31, 37, 40, 41, 42, 43, 44, 45, 51, 52, 62, 66, 67, 68, 74, 76, 82, 83, 84, 89"
31,1756982758741,1756982758742,1756982763349,1756982766735,7994,18,77,84,"1, 17, 21, 23, 26, 28, 32, 37, 39, 41, 46, 47, 49, 50, 53, 56, 57, 58, 61, 62, 64, 69, 71, 79, 81, 87, 89, 90, 91"
32,1756982760066,1756982760066,1756982762507,1756982765721,5655,9,77,80,"1, 10, 13, 17, 19, 23, 26, 28, 30, 33, 38, 39, 40, 43, 44, 45, 48, 49, 56, 62, 63, 66, 77, 82, 83, 85, 86, 88, 90"
33,1756982761045,1756982761045,1756982764111,1756982767275,6230,11,73,79,"1, 14, 15, 22, 24, 26, 27, 34, 37, 38, 39, 40, 49, 50, 53, 56, 59, 61, 62, 63, 65, 66, 68, 69, 70, 79, 85, 92"
34,1756982761974,1756982761974,1756982765997,1756982769582,7608,15,67,75,"1, 12, 13, 15, 19, 22, 23, 27, 29, 31, 32, 33, 39, 49, 52, 53, 58, 62, 63, 65, 67, 68, 72, 79, 80, 83, 85, 86"
35,1756982763128,1756982763128,1756982766238,1756982769126,5998,12,72,80,"1, 14, 16, 17, 21, 23, 25, 30, 32, 35, 36, 37, 39, 43, 47, 54, 55, 59, 61, 66, 67, 69, 71, 73, 75, 83, 89, 92, 94"
36,1756982764708,1756982764709,1756982767876,1756982770877,6169,16,66,78,"1, 14, 21, 22, 30, 31, 33, 34, 38, 42, 47, 48, 49, 54, 56, 62, 68, 75, 78, 79, 80, 82, 84, 86, 87, 92, 93, 94"
37,1756982765563,1756982766114,1756982768382,1756982770761,5198,8,70,81,"1, 21, 23, 26, 27, 29, 30, 40, 42, 46, 47, 48, 49, 52, 57, 59, 61, 65, 67, 70, 71, 72, 76, 78, 80, 83, 85, 86"
38,1756982767512,1756982767784,1756982771648,1756982774616,7104,16,75,78,"1, 18, 21, 24, 25, 26, 27, 35, 36, 38, 39, 40, 41, 44, 48, 54, 55, 57, 60, 65, 66, 71, 72, 80, 81, 83, 88, 93"
39,1756982768892,1756982768892,1756982774133,1756982777748,8856,19,73,76,"1, 21, 25, 27, 28, 30, 32, 33, 36, 37, 39, 41, 43, 45, 48, 49, 50, 51, 52, 53, 54, 62, 67, 70, 73, 75, 95"
40,1756982770076,1756982770077,1756982775238,1756982778226,8150,17,73,75,"1, 19, 23, 35, 37, 40, 42, 43, 45, 49, 50, 51, 52, 57, 59, 63, 65, 66, 69, 71, 72, 73, 74, 81, 83, 89, 95"
41,1756982771524,1756982771524,1756982776303,1756982778759,7235,16,68,74,"1, 22, 24, 30, 34, 37, 40, 46, 49, 50, 53, 54, 57, 70, 73, 76, 78, 82, 83, 85, 86, 88, 89, 92, 94, 95, 98"
42,1756982772702,1756982772907,1756982777994,1756982780702,8000,18,70,76,"1, 25, 28, 32, 33, 34, 44, 49, 50, 53, 54, 55, 58, 59, 60, 63, 64, 68, 69, 71, 78, 80, 87, 90, 91, 97, 98"
43,1756982773952,1756982773953,1756982778299,1756982780648,6696,16,67,70,"1, 24, 25, 28, 30, 32, 33, 35, 39, 41, 47, 49, 51, 53, 54, 59, 70, 73, 79, 81, 83, 85, 86, 93, 95, 96"
44,1756982775136,1756982775184,1756982777242,1756982779916,4780,8,66,69,"1, 24, 25, 28, 30, 32, 33, 35, 39, 41, 47, 49, 51, 53, 54, 59, 70, 73, 79, 81, 83, 85, 86, 93, 95, 96"
45,1756982775810,1756982775811,1756982776338,1756982779077,3267,2,68,74,"1, 26, 29, 31, 32, 33, 34, 43, 44, 50, 51, 52, 56, 59, 61, 62, 70, 72, 73, 79, 80, 82, 84, 85, 87, 95"
46,1756982776674,1756982776675,1756982779729,1756982781901,5227,13,71,74,"1, 31, 32, 34, 35, 36, 46, 50, 55, 56, 58, 59, 67, 68, 69, 70, 71, 72, 80, 81, 85, 87, 91, 92, 94, 96"
47,1756982777734,1756982777735,1756982781691,1756982783962,6228,18,72,75,"1, 35, 37, 41, 51, 52, 54, 61, 63, 76, 80, 82, 83, 84, 85, 86, 88, 89, 91, 92, 93, 94, 95, 97, 98, 99"
48,1756982778745,1756982778746,1756982781635,1756982783923,5178,13,66,68,"1, 29, 30, 36, 37, 40, 41, 46, 48, 56, 58, 61, 62, 64, 66, 69, 70, 77, 85, 86, 89, 90, 92, 94, 100"
49,1756982779485,1756982779485,1756982781617,1756982783737,4252,10,64,69,"1, 30, 31, 34, 36, 41, 42, 49, 50, 52, 54, 56, 60, 61, 64, 65, 72, 74, 76, 77, 80, 83, 90, 94, 97"
50,1756982780607,1756982780607,1756982782944,1756982784533,3926,11,68,68,"1, 30, 31, 35, 38, 46, 50, 53, 54, 55, 63, 65, 66, 71, 75, 76, 81, 82, 84, 85, 86, 91, 92, 96, 97"
51,1756982781430,1756982781430,1756982783924,1756982785466,4036,13,65,66,"1, 32, 33, 37, 39, 42, 43, 44, 46, 48, 49, 51, 54, 55, 57, 60, 64, 69, 75, 78, 81, 93, 94, 99"
52,1756982782635,1756982782636,1756982784986,1756982786912,4277,13,68,71,"1, 36, 39, 42, 47, 49, 50, 53, 57, 62, 63, 65, 67, 74, 76, 78, 79, 84, 85, 88, 90, 92, 96, 98, 102"
53,1756982783559,1756982783572,1756982786722,1756982788456,4897,16,62,64,"1, 33, 34, 39, 46, 47, 48, 51, 56, 57, 62, 67, 73, 74, 75, 80, 85, 90, 91, 93, 96, 97, 98, 102"
54,1756982784469,1756982784469,1756982786814,1756982788876,4407,13,63,67,"1, 34, 40, 41, 43, 45, 46, 47, 51, 52, 56, 57, 58, 63, 69, 74, 75, 78, 79, 80, 81, 87, 91, 100"
55,1756982785349,1756982785542,1756982787192,1756982788821,3472,9,66,66,"1, 45, 49, 50, 53, 55, 66, 67, 72, 74, 76, 77, 82, 85, 88, 89, 91, 93, 94, 98, 100, 101, 102"
56,1756982786524,1756982787178,1756982789874,1756982792320,5796,17,65,65,"1, 37, 40, 46, 48, 49, 56, 59, 64, 66, 68, 70, 71, 73, 75, 76, 77, 81, 82, 85, 90, 91, 93, 101"
57,1756982787904,1756982787911,1756982794424,1756982796224,8320,31,52,52,"1, 39, 40, 41, 42, 44, 45, 46, 49, 53, 54, 56, 59, 68, 69, 73, 78, 80, 81, 84, 88, 90, 97"
58,1756982789112,1756982789113,1756982793746,1756982795545,6433,22,60,60,"1, 40, 42, 45, 47, 49, 51, 52, 53, 54, 58, 59, 69, 75, 76, 79, 92, 93, 94, 95, 96, 97, 100"
59,1756982790551,1756982790552,1756982794523,1756982796223,5672,21,58,58,"1, 43, 44, 47, 52, 63, 68, 71, 74, 77, 78, 79, 80, 86, 87, 89, 90, 95, 97, 102, 103, 104"
60,1756982791720,1756982791839,1756982795221,1756982796759,5039,23,57,57,"1, 43, 44, 47, 52, 63, 68, 71, 74, 77, 78, 79, 80, 86, 87, 89, 90, 95, 97, 102, 103, 104"
61,1756982792632,1756982792813,1756982794647,1756982796223,3591,9,58,58,"1, 45, 47, 48, 50, 54, 56, 58, 60, 62, 63, 66, 70, 76, 80, 82, 83, 86, 95, 96, 99, 103"
62,1756982793634,1756982793671,1756982795956,1756982797230,3596,15,55,55,"1, 46, 48, 49, 55, 58, 59, 63, 64, 65, 67, 68, 69, 72, 76, 85, 91, 95, 96, 103, 104"
63,1756982794507,1756982794610,1756982796204,1756982797255,2748,12,55,55,"1, 46, 48, 49, 55, 58, 59, 63, 64, 65, 67, 68, 69, 72, 76, 85, 91, 95, 96, 103, 104"
64,1756982795483,1756982795629,1756982799985,1756982802134,6651,24,53,53,"1, 48, 49, 50, 55, 56, 57, 59, 60, 62, 63, 65, 67, 68, 85, 86, 89, 90, 92, 103, 106"
65,1756982796678,1756982796736,1756982801184,1756982802968,6290,26,55,56,"1, 50, 54, 57, 58, 62, 65, 68, 71, 72, 84, 88, 89, 93, 95, 96, 98, 99, 103, 105, 106"
66,1756982797654,1756982797654,1756982800974,1756982802520,4866,19,55,55,"1, 50, 53, 55, 56, 57, 58, 60, 63, 65, 66, 71, 74, 75, 77, 78, 87, 89, 92, 105, 106"
67,1756982798433,1756982798434,1756982800034,1756982801421,2988,9,52,52,"1, 52, 53, 54, 55, 57, 59, 61, 72, 74, 79, 83, 89, 92, 93, 98, 99, 103, 104, 107"
68,1756982799143,1756982799143,1756982801005,1756982802521,3378,10,48,49,"1, 52, 53, 54, 55, 57, 59, 61, 72, 74, 79, 83, 89, 92, 93, 98, 99, 103, 104, 107"
69,1756982799949,1756982799966,1756982802326,1756982803815,3866,16,50,55,"1, 56, 58, 59, 62, 67, 68, 71, 78, 79, 80, 82, 85, 86, 91, 92, 101, 104, 105, 107"
70,1756982800923,1756982800924,1756982803960,1756982805151,4228,24,46,52,"1, 56, 60, 61, 64, 66, 70, 75, 78, 79, 81, 83, 85, 86, 92, 101, 104, 105, 108"
71,1756982801901,1756982801902,1756982804424,1756982805837,3936,17,48,52,"1, 60, 61, 65, 66, 67, 70, 72, 74, 76, 80, 84, 87, 89, 91, 97, 103, 104, 108"
72,1756982803114,1756982803115,1756982807515,1756982809143,6029,36,47,47,"1, 56, 59, 60, 63, 66, 69, 70, 71, 75, 76, 77, 78, 79, 80, 91, 93, 98, 99"
73,1756982804308,1756982804309,1756982808068,1756982809661,5353,29,40,48,"1, 60, 65, 67, 75, 78, 81, 86, 88, 90, 92, 94, 100, 101, 103, 107, 108, 110"
74,1756982805395,1756982805500,1756982808319,1756982809740,4345,19,44,49,"1, 60, 66, 69, 70, 71, 72, 83, 89, 90, 98, 99, 102, 104, 105, 106, 107, 108"
75,1756982806615,1756982806616,1756982812175,1756982813651,7036,44,38,43,"1, 62, 63, 65, 67, 71, 72, 78, 80, 81, 90, 91, 97, 99, 100, 103, 106, 112"
76,1756982807820,1756982808041,1756982811887,1756982813108,5288,25,33,46,"1, 63, 65, 71, 76, 77, 78, 82, 84, 86, 87, 93, 95, 98, 102, 105, 107, 109"
77,1756982809216,1756982809217,1756982813231,1756982814174,4958,36,32,43,"1, 64, 67, 72, 73, 74, 78, 80, 84, 87, 89, 93, 95, 100, 104, 107, 110"
78,1756982810498,1756982810500,1756982813684,1756982814609,4111,29,31,43,"1, 67, 68, 71, 72, 73, 75, 77, 78, 88, 89, 90, 91, 96, 97, 105, 111"
79,1756982811448,1756982811448,1756982813815,1756982814291,2843,21,31,43,"1, 69, 74, 79, 80, 81, 83, 84, 88, 99, 105, 106, 107, 108, 111, 112"
80,1756982812189,1756982812189,1756982813042,1756982813961,1772,18,31,43,"1, 69, 74, 79, 80, 81, 83, 84, 88, 99, 105, 106, 107, 108, 111, 112"
81,1756982812749,1756982812750,1756982814844,1756982815637,2888,21,30,43,"1, 70, 76, 79, 80, 84, 87, 88, 94, 95, 97, 98, 100, 104, 110, 113"
82,1756982813439,1756982813440,1756982815059,1756982815655,2216,17,25,41,"1, 71, 72, 74, 77, 81, 82, 83, 87, 88, 96, 100, 104, 105, 111, 112"
83,1756982814377,1756982814378,1756982817876,1756982818764,4387,35,21,41,"1, 72, 75, 81, 84, 86, 88, 89, 91, 96, 97, 101, 104, 105, 106, 113"
84,1756982815205,1756982815206,1756982816247,1756982817599,2394,31,17,42,"1, 77, 79, 81, 82, 83, 85, 90, 92, 93, 94, 98, 105, 110, 111"
85,1756982815796,1756982815797,1756982817740,1756982818625,2829,21,22,37,"1, 73, 74, 77, 80, 82, 86, 89, 90, 96, 99, 101, 107, 110, 114"
86,1756982816384,1756982816385,1756982818430,1756982819203,2819,20,20,42,"1, 78, 84, 86, 88, 90, 91, 92, 95, 98, 103, 106, 109, 111, 114"
87,1756982816995,1756982816996,1756982818255,1756982818718,1723,14,18,42,"1, 78, 84, 86, 88, 90, 91, 92, 95, 98, 103, 106, 109, 111, 114"
88,1756982817703,1756982817703,1756982819351,1756982819832,2129,18,26,42,"1, 80, 84, 88, 89, 92, 94, 99, 102, 104, 107, 110, 111, 115, 116"
89,1756982818606,1756982818629,1756982821966,1756982822531,3925,36,13,35,"1, 77, 79, 82, 83, 86, 87, 89, 90, 95, 102, 113, 114, 116"
90,1756982819448,1756982819474,1756982822244,1756982822776,3328,35,13,39,"1, 84, 85, 86, 92, 93, 94, 97, 99, 101, 102, 109, 111, 115"
91,1756982820196,1756982820197,1756982820271,1756982821064,868,43,13,39,"1, 84, 85, 86, 92, 93, 94, 97, 99, 101, 102, 109, 111, 115"
92,1756982820720,1756982820721,1756982821611,1756982822401,1681,18,15,36,"1, 81, 83, 85, 86, 87, 90, 96, 105, 106, 109, 115, 116"
93,1756982821376,1756982821376,1756982824244,1756982824809,3433,39,16,37,"1, 80, 81, 82, 85, 94, 97, 100, 101, 109, 111, 114, 116, 118"
94,1756982822481,1756982822540,1756982825837,1756982826565,4084,51,9,39,"1, 82, 83, 84, 85, 91, 95, 96, 97, 99, 102, 112, 115, 116"
95,1756982823404,1756982823405,1756982827171,1756982827852,4448,48,9,39,"1, 82, 83, 85, 87, 90, 92, 94, 98, 99, 100, 111, 112, 116"
96,1756982824412,1756982824413,1756982828411,1756982829089,4677,47,14,39,"1, 82, 88, 89, 90, 91, 93, 103, 104, 105, 109, 113, 116, 118"
97,1756982825399,1756982825399,1756982829506,1756982830030,4631,50,9,39,"1, 86, 87, 88, 90, 91, 97, 99, 100, 101, 104, 111, 116, 117"
98,1756982826834,1756982826835,1756982830169,1756982830679,3845,59,13,39,"1, 81, 87, 90, 91, 96, 98, 105, 106, 107, 110, 112, 114, 115"
99,1756982827590,1756982827591,1756982830303,1756982830743,3153,31,8,39,"1, 84, 85, 87, 88, 91, 93, 94, 98, 100, 105, 109, 113, 115"
100,1756982828346,1756982828347,1756982830820,1756982831469,3123,33,9,39,"1, 81, 82, 83, 86, 88, 92, 93, 96, 97, 108, 112, 118, 119"
101,1756982828973,1756982828974,1756982829453,1756982830370,1397,21,9,39,"1, 81, 82, 83, 86, 88, 92, 93, 96, 97, 108, 112, 118, 119"
102,1756982829478,1756982830339,1756982831612,1756982832137,2659,20,9,39,"1, 89, 92, 93, 95, 96, 98, 100, 105, 107, 108, 111, 113, 115"
103,1756982830956,1756982830957,1756982835773,1756982836210,5254,69,8,39,"1, 83, 87, 88, 91, 96, 97, 98, 101, 104, 109, 111, 118, 119"
104,1756982831870,1756982831870,1756982833878,1756982834730,2860,49,6,39,"1, 82, 84, 92, 94, 97, 99, 103, 104, 106, 108, 110, 115, 117"
105,1756982832528,1756982832538,1756982834220,1756982834922,2394,17,11,42,"1, 86, 87, 91, 93, 94, 98, 105, 106, 107, 109, 112, 113, 114, 122"
106,1756982833498,1756982833499,1756982835872,1756982836694,3196,22,9,42,"1, 81, 83, 85, 86, 88, 90, 94, 100, 101, 106, 109, 113, 121, 122"
107,1756982834314,1756982834315,1756982836133,1756982836717,2403,28,9,42,"1, 81, 83, 85, 86, 88, 90, 94, 100, 101, 106, 109, 113, 121, 122"
108,1756982834958,1756982834959,1756982835228,1756982836323,1365,27,9,42,"1, 81, 83, 85, 86, 88, 90, 94, 100, 101, 106, 109, 113, 121, 122"
109,1756982835461,1756982835461,1756982836812,1756982837532,2071,17,3,42,"1, 82, 84, 85, 87, 89, 93, 94, 95, 97, 104, 109, 110, 111, 115"
110,1756982836113,1756982836114,1756982837243,1756982837876,1763,21,3,42,"1, 82, 84, 85, 87, 89, 93, 94, 95, 97, 104, 109, 110, 111, 115"
111,1756982836749,1756982836750,1756982838833,1756982839889,3140,27,14,42,"1, 87, 92, 93, 94, 95, 96, 108, 109, 112, 114, 116, 117, 119, 121"
112,1756982837363,1756982837702,1756982840005,1756982840987,3624,26,9,45,"1, 85, 87, 92, 94, 98, 99, 101, 104, 107, 109, 112, 113, 118, 121, 124"
113,1756982838483,1756982838484,1756982841507,1756982842595,4112,41,9,45,"1, 83, 84, 85, 86, 88, 96, 97, 98, 99, 106, 109, 112, 118, 121, 124"
114,1756982839228,1756982839228,1756982839700,1756982840570,1342,22,9,45,"1, 83, 84, 85, 86, 88, 96, 97, 98, 99, 106, 109, 112, 118, 121, 124"
115,1756982839768,1756982839798,1756982841457,1756982842419,2651,20,9,45,"1, 82, 83, 85, 90, 92, 93, 95, 97, 101, 103, 104, 105, 115, 117, 119"
116,1756982840519,1756982840520,1756982843715,1756982845355,4836,30,13,45,"1, 86, 89, 91, 96, 98, 102, 105, 107, 112, 113, 115, 116, 117, 120, 124"
117,1756982841415,1756982841452,1756982845109,1756982846402,4987,31,9,45,"1, 84, 88, 91, 96, 98, 101, 102, 103, 108, 111, 112, 113, 119, 124, 126"
118,1756982842439,1756982842439,1756982846075,1756982846967,4528,32,16,45,"1, 81, 84, 101, 102, 105, 108, 110, 111, 113, 115, 116, 118, 120, 121, 126"
119,1756982843389,1756982843390,1756982846114,1756982847039,3650,24,8,45,"1, 83, 84, 85, 88, 99, 100, 102, 103, 110, 111, 113, 115, 116, 121, 126"
120,1756982844393,1756982844394,1756982847325,1756982847989,3596,30,3,45,"1, 81, 84, 86, 87, 95, 100, 101, 102, 103, 104, 111, 113, 114, 116, 123"
121,1756982845326,1756982845326,1756982846879,1756982847416,2090,15,12,45,"1, 81, 85, 86, 89, 90, 98, 101, 104, 110, 111, 113, 118, 119, 121, 125"
122,1756982845925,1756982845926,1756982847357,1756982848004,2079,25,11,45,"1, 81, 85, 86, 89, 90, 98, 101, 104, 110, 111, 113, 118, 119, 121, 125"
123,1756982846546,1756982846546,1756982848242,1756982848935,2389,25,14,45,"1, 82, 86, 89, 90, 98, 99, 100, 106, 111, 114, 118, 119, 120, 124, 126"
124,1756982847430,1756982847448,1756982850279,1756982851358,3928,36,14,48,"1, 82, 87, 91, 98, 99, 102, 103, 105, 106, 107, 110, 117, 119, 121, 125, 127"
125,1756982848381,1756982848381,1756982850585,1756982851358,2977,23,9,48,"1, 82, 86, 89, 90, 92, 97, 98, 99, 101, 104, 107, 109, 114, 121, 122, 127"
126,1756982849091,1756982849092,1756982849883,1756982850689,1598,26,9,48,"1, 82, 86, 89, 90, 92, 97, 98, 99, 101, 104, 107, 109, 114, 121, 122, 127"
127,1756982849718,1756982849800,1756982849879,1756982850734,1016,11,9,48,"1, 82, 86, 89, 90, 92, 97, 98, 99, 101, 104, 107, 109, 114, 121, 122, 127"
128,1756982850372,1756982850407,1756982852450,1756982853335,2963,24,12,48,"1, 81, 91, 94, 96, 98, 102, 107, 110, 111, 112, 114, 115, 121, 124, 125, 128"
129,1756982851193,1756982851194,1756982853221,1756982854212,3019,36,12,48,"1, 81, 91, 94, 96, 98, 102, 107, 110, 111, 112, 114, 115, 121, 124, 125, 128"
130,1756982851790,1756982851790,1756982853085,1756982853822,2032,11,9,48,"1, 88, 89, 95, 96, 100, 102, 105, 106, 110, 112, 113, 114, 116, 122, 126, 128"
131,1756982852383,1756982852424,1756982854454,1756982855766,3383,17,15,51,"1, 81, 82, 89, 92, 94, 95, 100, 103, 105, 108, 114, 117, 121, 122, 124, 127, 128"
132,1756982853099,1756982853100,1756982854659,1756982856113,3014,16,15,51,"1, 81, 82, 89, 92, 94, 95, 100, 103, 105, 108, 114, 117, 121, 122, 124, 127, 128"
133,1756982853696,1756982853696,1756982854775,1756982856113,2417,11,18,51,"1, 81, 88, 89, 92, 94, 101, 102, 110, 111, 117, 120, 121, 122, 125, 126, 127, 129"
134,1756982854334,1756982854335,1756982855636,1756982856788,2454,15,6,51,"1, 81, 84, 87, 88, 93, 97, 98, 99, 101, 102, 106, 107, 108, 111, 115, 121, 130"
135,1756982855129,1756982855129,1756982857076,1756982857810,2681,25,6,51,"1, 81, 84, 87, 88, 93, 97, 98, 99, 101, 102, 106, 107, 108, 111, 115, 121, 130"
136,1756982855874,1756982855874,1756982858359,1756982859240,3366,23,9,51,"1, 85, 86, 87, 89, 91, 92, 94, 95, 98, 107, 112, 114, 115, 119, 127, 128, 129"
137,1756982856913,1756982856914,1756982859498,1756982861002,4089,27,17,51,"1, 81, 82, 83, 87, 88, 93, 109, 111, 112, 116, 120, 121, 125, 127, 129, 130, 132"
138,1756982857772,1756982857786,1756982859738,1756982861657,3885,18,8,51,"1, 81, 85, 94, 97, 100, 101, 104, 108, 109, 112, 113, 114, 116, 117, 121, 125, 130"
139,1756982858707,1756982858707,1756982861481,1756982862505,3798,23,12,51,"1, 87, 88, 94, 96, 100, 107, 108, 109, 113, 115, 117, 119, 121, 123, 125, 126, 129"
140,1756982859488,1756982859488,1756982861400,1756982862183,2695,14,9,51,"1, 83, 84, 85, 86, 88, 89, 93, 103, 108, 111, 112, 117, 119, 120, 125, 129, 130"
141,1756982860102,1756982860103,1756982861462,1756982862473,2371,14,9,51,"1, 83, 84, 85, 86, 88, 89, 93, 103, 108, 111, 112, 117, 119, 120, 125, 129, 130"
142,1756982860696,1756982860696,1756982860824,1756982861831,1135,6,9,51,"1, 83, 84, 85, 86, 88, 89, 93, 103, 108, 111, 112, 117, 119, 120, 125, 129, 130"
143,1756982861410,1756982861426,1756982863547,1756982864758,3348,18,5,51,"1, 81, 82, 87, 90, 95, 99, 101, 106, 109, 111, 114, 115, 117, 118, 119, 123, 132"
144,1756982862096,1756982862097,1756982864222,1756982865017,2921,28,5,51,"1, 81, 82, 87, 90, 95, 99, 101, 106, 109, 111, 114, 115, 117, 118, 119, 123, 132"
145,1756982862678,1756982862678,1756982863381,1756982864358,1680,7,8,54,"1, 83, 86, 89, 95, 99, 101, 105, 110, 112, 113, 114, 115, 118, 119, 122, 124, 126, 129"
146,1756982863293,1756982863645,1756982863858,1756982864999,1706,13,8,54,"1, 83, 86, 89, 95, 99, 101, 105, 110, 112, 113, 114, 115, 118, 119, 122, 124, 126, 129"
147,1756982864188,1756982864189,1756982864343,1756982865320,1132,29,6,54,"1, 83, 86, 89, 95, 99, 101, 105, 110, 112, 113, 114, 115, 118, 119, 122, 124, 126, 129"
148,1756982864719,1756982864719,1756982867112,1756982868919,4200,18,5,54,"1, 81, 83, 86, 87, 92, 96, 102, 103, 106, 109, 110, 114, 116, 117, 122, 123, 126, 133"
149,1756982865780,1756982865811,1756982869739,1756982870860,5080,32,3,54,"1, 82, 86, 87, 91, 99, 100, 101, 103, 105, 106, 107, 110, 111, 114, 116, 118, 121, 130"
150,1756982866517,1756982866518,1756982869241,1756982870291,3774,19,7,54,"1, 85, 90, 92, 95, 98, 99, 100, 106, 107, 108, 109, 114, 115, 117, 124, 125, 126, 132"
151,1756982867115,1756982867142,1756982868046,1756982869855,2740,14,7,54,"1, 85, 90, 92, 95, 98, 99, 100, 106, 107, 108, 109, 114, 115, 117, 124, 125, 126, 132"
152,1756982867676,1756982867676,1756982869354,1756982870244,2568,10,15,57,"1, 84, 85, 87, 88, 92, 95, 100, 101, 102, 104, 109, 116, 121, 124, 128, 130, 131, 134, 136"
153,1756982868664,1756982868665,1756982871203,1756982872092,3428,18,12,57,"1, 81, 82, 84, 85, 91, 94, 95, 98, 104, 108, 114, 116, 121, 124, 125, 127, 130, 135, 136"
154,1756982869690,1756982869691,1756982872793,1756982874225,4535,22,17,57,"1, 82, 87, 96, 97, 98, 99, 103, 106, 107, 111, 113, 115, 121, 127, 129, 130, 132, 134, 136"
155,1756982870672,1756982870672,1756982872603,1756982873671,2999,24,17,57,"1, 82, 87, 96, 97, 98, 99, 103, 106, 107, 111, 113, 115, 121, 127, 129, 130, 132, 134, 136"
156,1756982871477,1756982871478,1756982873743,1756982875067,3590,21,14,57,"1, 83, 87, 88, 90, 94, 98, 104, 105, 106, 110, 120, 122, 125, 126, 128, 131, 132, 134, 136"
157,1756982872223,1756982872224,1756982873337,1756982874568,2345,19,14,57,"1, 83, 87, 88, 90, 94, 98, 104, 105, 106, 110, 120, 122, 125, 126, 128, 131, 132, 134, 136"
158,1756982872819,1756982872820,1756982873715,1756982874733,1914,9,3,57,"1, 81, 85, 87, 88, 92, 97, 98, 100, 101, 104, 111, 112, 113, 118, 119, 120, 121, 124, 130"
159,1756982873486,1756982873486,1756982874703,1756982875422,1936,9,9,57,"1, 84, 85, 88, 90, 91, 96, 103, 104, 105, 106, 111, 113, 118, 120, 121, 125, 133, 135, 136"
160,1756982874601,1756982874602,1756982879978,1756982881657,7056,37,12,57,"1, 82, 84, 87, 90, 96, 100, 103, 105, 107, 109, 112, 113, 114, 116, 117, 131, 135, 136, 137"
161,1756982875746,1756982875747,1756982879827,1756982881230,5484,28,12,57,"1, 82, 87, 88, 92, 96, 97, 98, 101, 105, 109, 112, 114, 121, 122, 125, 133, 134, 135, 137"
162,1756982876544,1756982876545,1756982879048,1756982880759,4215,17,9,57,"1, 84, 85, 89, 91, 92, 99, 105, 108, 109, 111, 112, 113, 114, 122, 124, 126, 131, 132, 136"
163,1756982877658,1756982877659,1756982879913,1756982881386,3728,15,9,60,"1, 81, 82, 88, 91, 92, 93, 101, 102, 106, 108, 111, 112, 114, 116, 120, 124, 130, 132, 133, 137"
164,1756982878481,1756982878504,1756982880699,1756982882311,3830,15,9,60,"1, 81, 85, 92, 93, 94, 101, 104, 108, 113, 117, 118, 119, 121, 122, 125, 126, 129, 135, 138, 140"
165,1756982879433,1756982879480,1756982882076,1756982883860,4427,20,11,60,"1, 81, 82, 87, 88, 89, 91, 94, 95, 99, 100, 103, 105, 120, 123, 124, 125, 129, 133, 134, 138"
166,1756982880391,1756982880429,1756982882454,1756982884082,3691,18,9,60,"1, 86, 92, 102, 104, 107, 108, 111, 112, 115, 121, 122, 123, 125, 126, 127, 128, 129, 133, 136, 137"
167,1756982881513,1756982881513,1756982883603,1756982885254,3741,13,8,60,"1, 83, 84, 85, 87, 88, 94, 101, 105, 107, 110, 112, 113, 120, 122, 123, 129, 130, 131, 132, 140"
168,1756982882403,1756982882419,1756982885614,1756982887114,4711,18,17,63,"1, 90, 92, 93, 95, 98, 100, 107, 108, 111, 112, 115, 117, 119, 120, 130, 132, 133, 136, 137, 140, 142"
169,1756982883430,1756982883431,1756982888278,1756982889943,6513,28,9,63,"1, 91, 93, 99, 102, 104, 107, 110, 111, 112, 117, 118, 120, 122, 125, 126, 128, 131, 132, 136, 139, 141"
170,1756982884527,1756982884527,1756982886977,1756982889128,4601,12,12,63,"1, 81, 82, 84, 88, 92, 94, 96, 97, 100, 102, 104, 105, 108, 110, 111, 113, 114, 116, 126, 128, 137"
171,1756982885478,1756982885479,1756982887935,1756982889705,4227,13,13,63,"1, 81, 85, 89, 90, 91, 92, 97, 99, 102, 103, 116, 118, 119, 121, 127, 128, 129, 132, 133, 136, 142"
172,1756982886481,1756982886505,1756982890158,1756982891871,5390,22,19,63,"1, 83, 85, 86, 92, 96, 99, 101, 106, 107, 108, 110, 117, 118, 119, 121, 122, 130, 135, 139, 140, 142"
173,1756982887529,1756982887529,1756982889839,1756982891361,3832,13,23,63,"1, 81, 85, 86, 95, 98, 100, 101, 104, 105, 107, 109, 110, 112, 126, 130, 134, 136, 139, 140, 141, 143"
174,1756982888429,1756982888429,1756982890544,1756982892141,3712,10,19,63,"1, 82, 83, 84, 90, 91, 92, 93, 96, 98, 100, 108, 110, 112, 115, 121, 125, 126, 128, 137, 143, 144"
175,1756982889120,1756982889121,1756982891506,1756982893167,4047,13,21,63,"1, 82, 83, 84, 90, 91, 92, 93, 96, 98, 100, 108, 110, 112, 115, 121, 125, 126, 128, 137, 143, 144"
176,1756982890129,1756982890129,1756982893714,1756982895233,5104,23,19,63,"1, 83, 87, 90, 91, 95, 102, 103, 106, 108, 118, 122, 123, 124, 128, 129, 131, 132, 134, 140, 142, 144"
177,1756982891089,1756982891089,1756982892922,1756982894831,3742,10,26,63,"1, 81, 83, 86, 87, 90, 91, 92, 93, 96, 103, 105, 107, 112, 113, 114, 123, 126, 130, 139, 143, 144"
178,1756982891755,1756982891755,1756982893979,1756982896187,4432,13,19,63,"1, 84, 89, 91, 94, 96, 97, 98, 101, 115, 116, 117, 121, 124, 128, 129, 131, 132, 136, 138, 139, 141"
179,1756982892629,1756982892630,1756982894946,1756982896750,4121,15,22,66,"1, 88, 89, 90, 92, 95, 97, 102, 104, 108, 109, 110, 112, 118, 122, 125, 127, 129, 130, 136, 137, 139, 144"
180,1756982893568,1756982893568,1756982896187,1756982897659,4091,15,16,66,"1, 86, 88, 90, 91, 96, 97, 100, 101, 102, 103, 107, 109, 110, 115, 116, 120, 128, 129, 132, 135, 137, 141"
181,1756982894384,1756982894385,1756982897989,1756982899063,4679,16,26,66,"1, 84, 85, 86, 88, 91, 95, 101, 103, 105, 114, 116, 117, 118, 123, 125, 126, 132, 136, 137, 138, 141, 144"
182,1756982896105,1756982896124,1756982899890,1756982902265,6160,21,28,66,"1, 81, 83, 84, 88, 90, 92, 93, 95, 101, 106, 107, 108, 109, 114, 119, 120, 123, 128, 130, 133, 144, 146"
183,1756982897006,1756982897007,1756982900885,1756982903256,6250,22,35,66,"1, 81, 82, 83, 86, 88, 92, 97, 98, 99, 105, 108, 112, 113, 114, 117, 119, 127, 137, 138, 141, 143, 146"
184,1756982897956,1756982898005,1756982900806,1756982902732,4776,16,25,69,"1, 81, 84, 88, 89, 92, 93, 95, 101, 106, 109, 111, 114, 117, 119, 120, 121, 122, 124, 127, 129, 132, 138, 141"
185,1756982898744,1756982898772,1756982899409,1756982901735,2991,2,33,69,"1, 83, 85, 89, 91, 94, 99, 104, 106, 107, 111, 114, 120, 124, 127, 128, 131, 134, 139, 140, 141, 142, 144, 145"
186,1756982899480,1756982899480,1756982901802,1756982904449,4969,11,22,69,"1, 82, 88, 93, 98, 99, 100, 104, 110, 111, 119, 121, 124, 125, 128, 131, 132, 133, 136, 137, 138, 144, 146, 148"
187,1756982900452,1756982900453,1756982902850,1756982904965,4513,14,33,69,"1, 81, 86, 89, 92, 93, 97, 100, 102, 104, 114, 116, 117, 121, 122, 125, 128, 130, 131, 139, 140, 145, 147, 148"
188,1756982901438,1756982901439,1756982904847,1756982906674,5236,16,36,69,"1, 81, 85, 88, 91, 95, 96, 99, 103, 107, 109, 114, 117, 120, 123, 127, 132, 137, 140, 141, 143, 146, 147, 148"
189,1756982902481,1756982902482,1756982905805,1756982908016,5535,14,39,69,"1, 84, 85, 87, 88, 89, 90, 93, 95, 100, 102, 104, 110, 114, 116, 120, 122, 128, 134, 136, 139, 141, 148, 150"
190,1756982903392,1756982903554,1756982906384,1756982908373,4981,13,28,69,"1, 81, 88, 90, 91, 93, 100, 106, 108, 109, 110, 111, 112, 114, 116, 117, 121, 124, 126, 127, 130, 143, 148, 150"
191,1756982904608,1756982904609,1756982907603,1756982909335,4727,16,26,69,"1, 82, 90, 94, 99, 100, 101, 111, 113, 115, 116, 117, 119, 120, 124, 125, 129, 130, 134, 139, 140, 146, 147, 150"
192,1756982905585,1756982905585,1756982908101,1756982910083,4498,13,34,69,"1, 83, 84, 89, 91, 96, 104, 105, 106, 107, 114, 115, 116, 124, 125, 128, 129, 130, 132, 142, 143, 146, 148, 150"
193,1756982906400,1756982906400,1756982908364,1756982910539,4139,11,27,72,"1, 81, 83, 85, 89, 91, 92, 99, 100, 109, 115, 116, 121, 122, 123, 124, 126, 127, 128, 129, 132, 133, 138, 140, 150"
194,1756982907491,1756982907491,1756982910238,1756982912194,4703,13,33,72,"1, 81, 85, 86, 92, 97, 101, 106, 108, 109, 110, 111, 114, 116, 118, 121, 123, 126, 129, 135, 141, 142, 143, 148, 151"
195,1756982908568,1756982908569,1756982912172,1756982913990,5422,17,43,72,"1, 81, 83, 84, 87, 89, 93, 95, 97, 100, 102, 106, 108, 109, 112, 114, 126, 128, 129, 131, 136, 138, 141, 147, 149"
196,1756982909522,1756982909523,1756982913120,1756982914482,4960,15,33,72,"1, 81, 87, 92, 93, 95, 99, 104, 105, 107, 110, 113, 114, 117, 118, 119, 121, 129, 130, 131, 133, 134, 135, 145, 147"
197,1756982911811,1756982911812,1756982919031,1756982921986,10175,30,46,72,"1, 85, 90, 92, 95, 96, 97, 101, 104, 110, 112, 114, 115, 125, 126, 136, 137, 138, 140, 142, 147, 148, 149, 150, 151"
198,1756982913068,1756982913155,1756982917900,1756982920572,7504,19,44,75,"1, 82, 84, 85, 87, 89, 92, 96, 101, 105, 107, 108, 116, 122, 126, 128, 130, 131, 133, 136, 137, 139, 144, 145, 147, 151"
199,1756982914108,1756982914108,1756982918622,1756982922014,7906,17,46,75,"1, 85, 86, 87, 91, 98, 99, 100, 103, 105, 106, 109, 113, 115, 122, 124, 128, 133, 134, 138, 141, 142, 145, 146, 149, 151"
200,1756982914869,1756982914870,1756982917781,1756982920145,5276,10,48,75,"1, 82, 83, 84, 86, 91, 93, 94, 98, 102, 103, 104, 108, 109, 111, 113, 117, 122, 124, 133, 135, 136, 140, 143, 146, 154"
201,1756982915624,1756982915625,1756982918491,1756982919691,4067,10,33,75,"1, 81, 83, 85, 89, 98, 101, 102, 111, 116, 119, 120, 121, 123, 129, 131, 133, 136, 137, 141, 142, 143, 144, 147, 150, 154"
202,1756982916544,1756982916591,1756982918673,1756982921890,5346,7,47,75,"1, 81, 83, 88, 91, 93, 96, 97, 100, 101, 107, 108, 109, 115, 118, 119, 122, 128, 130, 133, 136, 142, 143, 148, 153, 154"
203,1756982917594,1756982917594,1756982920972,1756982922344,4750,13,41,75,"1, 88, 89, 90, 101, 104, 110, 111, 112, 114, 117, 120, 121, 122, 123, 127, 129, 132, 133, 135, 140, 145, 149, 150, 152, 156"
204,1756982918730,1756982918730,1756982921925,1756982923374,4644,17,43,75,"1, 81, 83, 88, 89, 93, 99, 101, 102, 107, 109, 111, 112, 113, 117, 120, 121, 122, 128, 137, 138, 139, 140, 142, 144, 153"
205,1756982919726,1756982919727,1756982921885,1756982923082,3356,8,45,75,"1, 83, 84, 85, 88, 92, 95, 96, 101, 102, 103, 110, 113, 114, 117, 118, 120, 123, 124, 126, 132, 141, 142, 143, 145, 152"
206,1756982920624,1756982920624,1756982921976,1756982923525,2901,8,47,75,"1, 83, 85, 90, 95, 96, 97, 98, 102, 106, 109, 114, 116, 120, 122, 125, 132, 133, 134, 135, 136, 143, 147, 148, 153, 155"
207,1756982921434,1756982921479,1756982923751,1756982924495,3061,8,56,75,"1, 82, 84, 86, 90, 95, 96, 97, 98, 99, 102, 103, 107, 108, 109, 117, 120, 127, 129, 132, 137, 140, 147, 154, 155, 156"
208,1756982922863,1756982922877,1756982927783,1756982930807,7944,28,43,78,"1, 87, 88, 89, 90, 92, 95, 96, 100, 106, 111, 113, 118, 121, 125, 130, 134, 136, 137, 138, 139, 140, 143, 144, 145, 150, 153"
209,1756982924139,1756982924140,1756982926858,1756982930068,5929,12,50,78,"1, 81, 82, 84, 88, 89, 90, 97, 98, 99, 105, 107, 110, 116, 123, 126, 129, 130, 132, 133, 137, 138, 146, 147, 151, 153, 156"
210,1756982925336,1756982925337,1756982928034,1756982931362,6026,11,50,78,"1, 82, 87, 88, 91, 96, 97, 100, 108, 113, 114, 116, 118, 121, 127, 131, 132, 133, 134, 135, 136, 138, 145, 154, 155, 157, 158"
211,1756982926161,1756982926161,1756982927755,1756982931070,4909,6,50,78,"1, 82, 87, 88, 91, 96, 97, 100, 108, 113, 114, 116, 118, 121, 127, 131, 132, 133, 134, 135, 136, 138, 145, 154, 155, 157, 158"
212,1756982926784,1756982926784,1756982927703,1756982930388,3604,3,57,78,"1, 84, 85, 86, 94, 97, 99, 100, 101, 102, 106, 109, 110, 115, 119, 120, 124, 125, 127, 129, 139, 143, 146, 150, 152, 156, 158"
213,1756982927457,1756982927457,1756982929862,1756982933054,5597,9,58,81,"1, 81, 82, 83, 87, 88, 94, 95, 98, 100, 101, 106, 107, 119, 120, 122, 123, 126, 132, 138, 139, 140, 141, 145, 150, 154, 158, 159"
214,1756982928209,1756982928279,1756982930269,1756982933272,5063,9,57,81,"1, 81, 82, 83, 87, 88, 94, 95, 98, 100, 101, 106, 107, 119, 120, 122, 123, 126, 132, 138, 139, 140, 141, 145, 150, 154, 158, 159"
215,1756982929165,1756982929165,1756982930927,1756982933272,4107,9,60,81,"1, 81, 83, 90, 95, 98, 101, 105, 106, 108, 109, 111, 116, 117, 120, 121, 124, 128, 130, 132, 134, 136, 140, 145, 152, 154, 155, 159"
216,1756982929906,1756982929906,1756982931462,1756982934299,4393,7,61,81,"1, 84, 87, 93, 94, 95, 97, 99, 101, 107, 108, 111, 116, 117, 118, 119, 120, 128, 129, 131, 134, 136, 137, 143, 155, 156, 159, 160"
217,1756982930531,1756982930532,1756982932015,1756982934668,4137,7,62,81,"1, 83, 84, 86, 89, 99, 100, 101, 102, 103, 104, 106, 107, 112, 118, 123, 124, 128, 131, 132, 145, 147, 148, 150, 153, 155, 156, 159"
218,1756982931554,1756982931554,1756982933790,1756982936876,5322,10,54,81,"1, 85, 95, 102, 105, 106, 108, 111, 114, 116, 117, 118, 120, 124, 129, 131, 135, 140, 143, 146, 147, 148, 149, 152, 155, 156, 157, 158"
219,1756982932398,1756982932398,1756982935432,1756982938349,5951,15,60,81,"1, 84, 89, 90, 91, 94, 98, 99, 101, 103, 104, 109, 110, 114, 115, 119, 123, 124, 127, 128, 129, 136, 138, 139, 147, 150, 152, 154"
220,1756982933458,1756982933458,1756982935217,1756982938533,5075,9,57,81,"1, 85, 89, 97, 99, 100, 102, 103, 108, 110, 111, 114, 115, 117, 119, 121, 122, 124, 128, 135, 138, 139, 142, 143, 145, 149, 152, 160"
221,1756982934480,1756982934480,1756982936499,1756982939829,5349,10,55,81,"1, 84, 88, 91, 94, 97, 101, 104, 111, 113, 120, 121, 122, 123, 129, 130, 131, 138, 141, 143, 146, 147, 148, 151, 153, 154, 156, 160"
222,1756982935458,1756982935459,1756982938368,1756982941588,6130,11,59,81,"1, 81, 83, 91, 97, 99, 101, 103, 104, 106, 111, 113, 123, 124, 125, 126, 132, 135, 137, 140, 145, 147, 148, 152, 154, 155, 156, 160"
223,1756982936472,1756982936472,1756982940280,1756982942691,6219,18,67,81,"1, 83, 84, 85, 89, 90, 92, 93, 94, 105, 107, 112, 119, 123, 124, 128, 131, 132, 133, 137, 150, 151, 153, 154, 155, 157, 158, 161"
224,1756982937486,1756982937486,1756982939954,1756982942852,5366,10,61,84,"1, 84, 87, 90, 95, 98, 99, 100, 101, 103, 106, 107, 109, 113, 118, 129, 133, 136, 137, 138, 139, 140, 141, 142, 152, 155, 158, 162, 164"
225,1756982938559,1756982938559,1756982939908,1756982942056,3497,5,63,84,"1, 81, 83, 85, 88, 89, 91, 101, 104, 109, 110, 115, 116, 117, 121, 122, 124, 127, 140, 142, 143, 148, 150, 152, 154, 157, 158, 163, 164"
226,1756982939511,1756982939512,1756982941878,1756982943993,4482,11,61,84,"1, 81, 84, 86, 87, 94, 103, 108, 109, 111, 112, 115, 116, 123, 125, 126, 130, 133, 134, 135, 138, 141, 144, 146, 149, 152, 153, 156, 158"
227,1756982940898,1756982940948,1756982946487,1756982949321,8423,18,64,84,"1, 86, 87, 89, 95, 103, 104, 105, 106, 111, 114, 115, 120, 123, 124, 126, 133, 135, 140, 141, 142, 147, 149, 150, 154, 155, 156, 159, 164"
228,1756982942074,1756982942074,1756982946580,1756982947779,5705,13,63,84,"1, 84, 85, 87, 92, 93, 94, 97, 105, 106, 107, 110, 111, 115, 118, 123, 125, 129, 136, 138, 145, 146, 148, 149, 150, 152, 155, 158, 162"
229,1756982942881,1756982942881,1756982946984,1756982950058,7177,11,72,86,"1, 81, 89, 91, 95, 96, 97, 98, 99, 100, 101, 102, 111, 112, 113, 116, 121, 123, 132, 133, 134, 137, 140, 144, 149, 153, 156, 157, 162, 164"
230,1756982943715,1756982943715,1756982947689,1756982951092,7377,11,68,85,"1, 81, 82, 86, 90, 91, 92, 96, 100, 106, 108, 109, 110, 111, 112, 114, 117, 129, 130, 133, 137, 138, 142, 145, 150, 153, 155, 156, 158, 163"
231,1756982945016,1756982945017,1756982948392,1756982952830,7814,12,79,83,"1, 82, 84, 85, 86, 89, 90, 92, 97, 100, 102, 103, 105, 109, 114, 115, 120, 123, 124, 127, 128, 130, 132, 133, 150, 158, 161, 163, 164, 166"
232,1756982946905,1756982946905,1756982949564,1756982953203,6298,10,66,82,"1, 81, 83, 84, 85, 91, 93, 94, 100, 101, 103, 111, 114, 119, 120, 124, 125, 129, 132, 135, 139, 141, 142, 147, 152, 153, 154, 155, 161, 162"
233,1756982947697,1756982947698,1756982949634,1756982953751,6054,8,64,82,"1, 82, 84, 87, 89, 91, 101, 106, 117, 119, 120, 122, 129, 131, 133, 135, 138, 139, 144, 146, 150, 152, 153, 155, 157, 163, 164, 166, 167, 168"
234,1756982948552,1756982948552,1756982949897,1756982953930,5378,4,66,85,"1, 81, 90, 91, 93, 97, 101, 104, 105, 106, 110, 111, 113, 122, 123, 124, 130, 131, 137, 138, 144, 146, 148, 149, 153, 156, 157, 163, 167, 168"
235,1756982949492,1756982949493,1756982951805,1756982956028,6536,11,63,84,"1, 84, 88, 90, 95, 96, 97, 99, 100, 107, 110, 117, 119, 121, 123, 125, 126, 129, 132, 137, 142, 144, 147, 148, 150, 152, 153, 156, 158, 162"
236,1756982950693,1756982950694,1756982953274,1756982956292,5599,10,67,79,"1, 83, 85, 88, 89, 95, 96, 99, 101, 104, 107, 113, 122, 125, 128, 130, 131, 132, 140, 145, 148, 154, 156, 159, 161, 162, 165, 166, 168"
237,1756982951620,1756982951621,1756982955013,1756982958052,6432,12,64,76,"1, 85, 86, 87, 89, 90, 91, 94, 95, 99, 101, 117, 118, 122, 127, 132, 134, 139, 142, 143, 146, 153, 156, 158, 160, 163, 164, 166, 168"
238,1756982952706,1756982952707,1756982954933,1756982957909,5203,7,72,80,"1, 88, 89, 90, 93, 94, 95, 96, 98, 100, 107, 111, 115, 118, 123, 124, 128, 131, 135, 138, 140, 144, 145, 149, 158, 160, 162, 165, 166"
239,1756982953763,1756982953764,1756982957749,1756982961078,7315,14,63,77,"1, 87, 88, 89, 93, 99, 104, 107, 109, 111, 112, 116, 118, 120, 126, 132, 134, 136, 142, 145, 148, 151, 152, 156, 159, 164, 166, 167, 170"
240,1756982954722,1756982954722,1756982957369,1756982960458,5736,11,72,78,"1, 89, 90, 91, 92, 94, 95, 99, 104, 109, 111, 114, 116, 119, 120, 121, 125, 127, 128, 134, 138, 139, 141, 142, 154, 158, 166, 169, 170"
241,1756982955441,1756982955441,1756982957335,1756982961101,5660,7,69,80,"1, 89, 98, 99, 102, 104, 105, 107, 108, 112, 113, 115, 122, 125, 127, 129, 132, 136, 143, 146, 148, 153, 155, 159, 161, 162, 169, 170"
242,1756982956230,1756982956231,1756982959018,1756982962592,6362,10,70,80,"1, 89, 98, 99, 102, 104, 105, 107, 108, 112, 113, 115, 122, 125, 127, 129, 132, 136, 143, 146, 148, 153, 155, 159, 161, 162, 169, 170"
243,1756982957070,1756982957071,1756982959161,1756982962508,5438,8,66,81,"1, 92, 93, 95, 99, 103, 104, 106, 108, 110, 115, 116, 121, 125, 126, 130, 131, 136, 137, 148, 149, 150, 157, 158, 160, 163, 164, 166, 170"
244,1756982957844,1756982957953,1756982959806,1756982963406,5562,7,68,80,"1, 96, 97, 99, 100, 106, 108, 109, 110, 114, 126, 127, 130, 133, 136, 137, 138, 140, 141, 143, 144, 152, 154, 156, 160, 163, 171, 172"
245,1756982958586,1756982958586,1756982961395,1756982964133,5547,10,62,77,"1, 91, 94, 96, 98, 103, 110, 111, 112, 114, 121, 122, 123, 125, 128, 129, 132, 133, 139, 151, 152, 154, 156, 158, 162, 164, 168, 171"
246,1756982959560,1756982959560,1756982962018,1756982964982,5422,10,65,80,"1, 96, 97, 101, 102, 103, 106, 113, 114, 117, 119, 123, 126, 129, 133, 135, 136, 142, 143, 147, 153, 155, 156, 158, 159, 162, 164, 172"
247,1756982960491,1756982960528,1756982962607,1756982966098,5607,8,62,77,"1, 93, 95, 98, 100, 101, 102, 103, 104, 108, 112, 117, 121, 132, 134, 143, 145, 148, 151, 152, 155, 157, 158, 162, 163, 169, 170, 171"
248,1756982961836,1756982961878,1756982964345,1756982967416,5580,10,66,75,"1, 95, 98, 102, 104, 106, 107, 110, 112, 114, 119, 122, 125, 126, 128, 130, 131, 132, 133, 134, 135, 145, 146, 151, 156, 157, 170"
249,1756982962869,1756982962870,1756982966098,1756982968413,5544,15,75,81,"1, 101, 102, 107, 108, 109, 111, 113, 114, 117, 119, 120, 122, 129, 130, 137, 138, 140, 141, 145, 149, 153, 159, 163, 165, 167, 168, 172"
250,1756982964011,1756982964011,1756982966878,1756982971417,7406,12,68,74,"1, 95, 102, 105, 111, 116, 117, 118, 119, 121, 127, 129, 130, 137, 140, 141, 144, 146, 148, 149, 150, 154, 156, 164, 168, 169, 173"
251,1756982964940,1756982964940,1756982966977,1756982969961,5021,9,68,77,"1, 102, 106, 108, 111, 114, 115, 116, 117, 128, 129, 133, 135, 139, 141, 144, 145, 151, 152, 158, 160, 161, 166, 168, 170, 172, 173"
252,1756982965652,1756982965652,1756982967529,1756982970483,4831,7,64,78,"1, 103, 106, 108, 109, 111, 116, 120, 125, 126, 128, 131, 137, 142, 145, 151, 154, 156, 157, 159, 165, 166, 167, 168, 169, 173, 174"
253,1756982966540,1756982966540,1756982969297,1756982971639,5099,9,67,76,"1, 101, 102, 106, 111, 112, 115, 119, 120, 126, 127, 130, 132, 133, 145, 147, 148, 155, 156, 160, 162, 164, 166, 169, 171, 172, 175"
254,1756982967427,1756982967428,1756982972728,1756982975817,8390,19,65,73,"1, 101, 104, 105, 112, 113, 115, 120, 121, 129, 130, 136, 137, 139, 142, 145, 147, 149, 150, 152, 153, 154, 155, 157, 162, 167, 176"
255,1756982968483,1756982968484,1756982970466,1756982973102,4619,8,58,72,"1, 103, 104, 106, 114, 116, 123, 124, 127, 130, 133, 134, 138, 142, 145, 146, 148, 151, 154, 155, 157, 158, 160, 166, 167, 169"
256,1756982969536,1756982969619,1756982972914,1756982975535,5999,12,66,69,"1, 101, 104, 106, 107, 108, 109, 111, 113, 114, 117, 119, 125, 129, 136, 138, 139, 141, 145, 152, 160, 161, 168, 169, 173, 175"
257,1756982970593,1756982970594,1756982972771,1756982975305,4712,6,66,75,"1, 109, 110, 115, 116, 121, 122, 124, 132, 133, 139, 141, 142, 144, 146, 147, 150, 152, 157, 158, 159, 169, 170, 172, 173, 175"
258,1756982971617,1756982971618,1756982977192,1756982980534,8917,24,64,70,"1, 106, 107, 112, 116, 118, 123, 124, 125, 128, 130, 132, 135, 137, 142, 147, 148, 157, 158, 162, 164, 166, 171, 172, 175, 178"
259,1756982972899,1756982972899,1756982975834,1756982978374,5475,13,65,68,"1, 106, 110, 111, 114, 116, 118, 121, 122, 124, 133, 134, 137, 139, 146, 148, 150, 157, 161, 162, 163, 167, 169, 174, 175"
260,1756982974110,1756982974111,1756982977750,1756982980836,6726,15,58,66,"1, 105, 111, 113, 114, 119, 122, 126, 128, 130, 131, 136, 138, 140, 144, 146, 152, 155, 157, 159, 165, 172, 174, 175, 178"
261,1756982975066,1756982975067,1756982980043,1756982982013,6947,20,58,63,"1, 107, 110, 111, 112, 114, 115, 117, 119, 120, 126, 129, 138, 140, 141, 149, 150, 154, 157, 158, 166, 170, 171, 172, 174"
262,1756982976172,1756982976172,1756982980547,1756982982809,6637,18,61,65,"1, 110, 112, 114, 119, 121, 122, 130, 131, 132, 133, 135, 137, 142, 144, 145, 148, 157, 158, 161, 163, 165, 170, 171, 172"
263,1756982977528,1756982977528,1756982980348,1756982982650,5122,12,70,70,"1, 111, 116, 119, 120, 121, 125, 129, 130, 131, 136, 140, 143, 148, 151, 154, 156, 162, 163, 165, 167, 173, 174, 177, 179"
264,1756982978495,1756982978496,1756982980854,1756982983689,5194,9,68,68,"1, 115, 117, 120, 123, 125, 126, 127, 140, 142, 146, 150, 151, 152, 154, 161, 162, 164, 166, 168, 169, 171, 177, 180"
265,1756982979710,1756982979825,1756982982517,1756982984908,5198,14,65,65,"1, 113, 117, 118, 127, 129, 130, 132, 134, 135, 137, 138, 140, 145, 149, 150, 151, 152, 156, 165, 167, 170, 174, 177"
266,1756982980750,1756982980751,1756982984127,1756982986401,5651,18,54,57,"1, 116, 117, 118, 119, 120, 121, 122, 126, 128, 129, 135, 140, 148, 149, 150, 152, 153, 160, 165, 168, 169, 174"
267,1756982981619,1756982981620,1756982984216,1756982986208,4589,13,61,62,"1, 118, 120, 122, 123, 127, 128, 131, 135, 136, 137, 139, 147, 148, 156, 158, 164, 167, 169, 171, 173, 175, 180"
268,1756982983001,1756982983001,1756982986682,1756982988604,5603,23,59,59,"1, 115, 118, 121, 128, 129, 139, 140, 142, 146, 149, 151, 166, 167, 170, 173, 174, 175, 176, 177, 178, 179, 182"
269,1756982984109,1756982984109,1756982986527,1756982988123,4014,16,59,61,"1, 117, 120, 122, 123, 125, 128, 134, 136, 137, 139, 140, 142, 143, 145, 152, 154, 155, 156, 160, 161, 172, 177"
270,1756982985097,1756982985098,1756982988137,1756982990967,5870,18,56,58,"1, 122, 125, 126, 128, 134, 135, 136, 138, 139, 142, 147, 153, 158, 159, 160, 161, 165, 166, 170, 172, 173"
271,1756982986602,1756982986602,1756982992057,1756982994030,7428,32,56,57,"1, 123, 127, 129, 131, 132, 135, 140, 143, 144, 150, 152, 153, 158, 160, 168, 170, 172, 173, 174, 178, 182"
272,1756982987736,1756982988056,1756982991796,1756982993801,6065,21,59,59,"1, 123, 128, 131, 132, 133, 139, 140, 141, 144, 149, 152, 158, 159, 160, 163, 172, 174, 176, 178, 179, 180"
273,1756982989411,1756982989412,1756982993068,1756982995020,5609,21,53,53,"1, 125, 127, 128, 131, 134, 135, 137, 140, 144, 152, 153, 154, 158, 160, 161, 167, 169, 174, 175, 180"
274,1756982990582,1756982990583,1756982993095,1756982994862,4280,15,59,59,"1, 132, 133, 134, 135, 138, 142, 144, 147, 148, 149, 151, 152, 157, 158, 161, 162, 165, 173, 176, 180"
275,1756982991603,1756982991646,1756982994883,1756982996710,5107,22,56,56,"1, 133, 141, 142, 143, 144, 146, 148, 151, 152, 153, 157, 159, 161, 164, 174, 177, 178, 182, 184"
276,1756982992937,1756982993057,1756982997037,1756982998527,5590,28,54,54,"1, 130, 137, 138, 142, 143, 144, 149, 152, 156, 160, 161, 163, 164, 169, 174, 176, 177, 179, 184"
277,1756982993828,1756982993829,1756982997407,1756982998521,4693,25,55,55,"1, 131, 137, 138, 139, 145, 148, 151, 155, 156, 158, 166, 168, 170, 177, 178, 180, 184, 185, 186"
278,1756982994946,1756982994947,1756982998269,1756982999347,4401,28,54,54,"1, 137, 140, 141, 143, 145, 147, 148, 150, 154, 161, 163, 164, 165, 167, 170, 178, 181, 182"
279,1756982996127,1756982996128,1756982999211,1756983000206,4079,25,47,49,"1, 133, 134, 139, 143, 144, 148, 150, 151, 152, 160, 161, 162, 175, 176, 177, 178, 182, 186"
280,1756982997458,1756982997514,1756983001923,1756983002995,5537,28,43,46,"1, 135, 137, 138, 140, 143, 149, 150, 152, 154, 162, 165, 170, 176, 177, 180, 181, 182, 187"
281,1756982998606,1756982998610,1756983002281,1756983003768,5162,23,45,51,"1, 139, 140, 151, 152, 156, 159, 161, 162, 163, 166, 168, 170, 174, 182, 184, 185, 187, 188"
282,1756982999676,1756982999676,1756983003788,1756983004765,5089,26,46,48,"1, 141, 143, 147, 149, 151, 152, 155, 157, 159, 160, 166, 168, 169, 174, 177, 181, 188"
283,1756983000417,1756983000418,1756983002297,1756983003545,3128,11,51,51,"1, 143, 144, 146, 147, 149, 153, 157, 158, 159, 169, 174, 175, 176, 177, 178, 186, 188"
284,1756983001470,1756983001556,1756983004269,1756983005417,3947,23,41,46,"1, 142, 145, 153, 155, 159, 163, 164, 165, 167, 169, 171, 173, 175, 180, 181, 182"
285,1756983002362,1756983002362,1756983004919,1756983005869,3507,18,37,45,"1, 141, 143, 147, 148, 154, 156, 157, 161, 164, 165, 168, 171, 182, 184, 186, 190"
286,1756983003449,1756983003678,1756983007620,1756983008575,5126,35,44,45,"1, 147, 148, 149, 150, 152, 157, 159, 167, 172, 176, 178, 179, 183, 184, 187, 188"
287,1756983004752,1756983004753,1756983009382,1756983010637,5885,44,35,48,"1, 154, 160, 161, 162, 165, 168, 171, 172, 174, 175, 179, 183, 184, 185, 187, 190"
288,1756983005934,1756983005934,1756983009661,1756983011095,5161,32,36,38,"1, 145, 147, 150, 151, 153, 155, 159, 160, 171, 174, 175, 180, 181, 185, 190"
289,1756983006853,1756983006884,1756983010271,1756983011533,4680,33,31,43,"1, 147, 151, 153, 154, 156, 163, 164, 166, 170, 173, 176, 177, 184, 185, 188"
290,1756983007741,1756983007742,1756983011144,1756983011927,4186,30,29,41,"1, 150, 152, 159, 160, 164, 165, 169, 170, 173, 175, 178, 185, 186, 190, 192"
291,1756983008802,1756983008823,1756983011391,1756983012892,4090,28,34,44,"1, 154, 157, 158, 164, 167, 171, 172, 178, 180, 183, 185, 186, 188, 189, 191"
292,1756983009672,1756983009673,1756983012374,1756983013386,3714,26,25,39,"1, 151, 153, 156, 161, 168, 170, 171, 172, 173, 175, 179, 180, 183, 188"
293,1756983010520,1756983010648,1756983012820,1756983013548,3028,18,26,42,"1, 157, 158, 161, 164, 171, 172, 174, 175, 176, 177, 181, 182, 183, 191"
294,1756983011699,1756983011700,1756983017076,1756983017871,6172,57,20,36,"1, 159, 160, 164, 165, 166, 167, 174, 178, 179, 181, 183, 185, 186"
295,1756983013095,1756983013096,1756983015781,1756983016694,3599,32,28,39,"1, 156, 158, 160, 164, 170, 171, 175, 177, 182, 185, 189, 192, 193, 194"
296,1756983013833,1756983013834,1756983015782,1756983016307,2474,18,22,31,"1, 155, 156, 157, 158, 165, 169, 173, 183, 184, 186, 189, 191, 193"
297,1756983014532,1756983014555,1756983017703,1756983018243,3711,39,24,34,"1, 158, 159, 160, 163, 170, 172, 178, 179, 181, 186, 187, 188, 194"
298,1756983015381,1756983015382,1756983017754,1756983018296,2915,34,18,33,"1, 157, 160, 165, 171, 173, 174, 178, 181, 184, 186, 192, 193"
299,1756983016097,1756983016097,1756983016512,1756983017427,1330,28,17,32,"1, 157, 160, 165, 171, 173, 174, 178, 181, 184, 186, 192, 193"
300,1756983016615,1756983016616,1756983017829,1756983018647,2032,17,16,34,"1, 159, 162, 164, 165, 168, 172, 174, 181, 183, 184, 190, 191"
301,1756983017301,1756983017332,1756983019524,1756983020255,2954,28,22,36,"1, 163, 172, 175, 178, 180, 181, 182, 183, 184, 185, 187, 191"
302,1756983017905,1756983017906,1756983019152,1756983019755,1850,34,20,36,"1, 163, 172, 175, 178, 180, 181, 182, 183, 184, 185, 187, 191"
303,1756983018515,1756983018516,1756983020114,1756983020471,1956,35,15,36,"1, 161, 163, 170, 174, 175, 178, 180, 181, 185, 187, 190, 192"
304,1756983019104,1756983019202,1756983019328,1756983019752,648,34,15,36,"1, 161, 163, 170, 174, 175, 178, 180, 181, 185, 187, 190, 192"
305,1756983019704,1756983019705,1756983021240,1756983021871,2167,30,11,36,"1, 161, 162, 163, 164, 166, 168, 180, 182, 184, 185, 189, 190"
306,1756983020370,1756983020371,1756983022945,1756983023526,3156,35,11,36,"1, 162, 166, 172, 173, 175, 178, 179, 182, 183, 187, 188, 190"
307,1756983021064,1756983021072,1756983021602,1756983022279,1215,40,12,36,"1, 162, 166, 172, 173, 175, 178, 179, 182, 183, 187, 188, 190"
308,1756983021585,1756983021585,1756983022739,1756983023304,1719,21,8,36,"1, 161, 162, 164, 166, 168, 170, 172, 174, 182, 183, 185, 187"
309,1756983022108,1756983022289,1756983022359,1756983022959,851,35,8,36,"1, 161, 162, 164, 166, 168, 170, 172, 174, 182, 183, 185, 187"
310,1756983022809,1756983022810,1756983024429,1756983025256,2447,41,11,39,"1, 161, 163, 165, 167, 169, 171, 175, 180, 184, 185, 187, 189, 198"
311,1756983023545,1756983023545,1756983025762,1756983026373,2828,33,14,39,"1, 164, 165, 168, 169, 171, 174, 180, 183, 188, 191, 195, 196, 197"
312,1756983024404,1756983024404,1756983027038,1756983027671,3267,44,11,39,"1, 163, 165, 166, 167, 168, 176, 179, 181, 186, 188, 189, 190, 196"
313,1756983025154,1756983025155,1756983025357,1756983025723,569,24,11,39,"1, 163, 165, 166, 167, 168, 176, 179, 181, 186, 188, 189, 190, 196"
314,1756983025705,1756983025706,1756983026419,1756983027045,1340,22,11,39,"1, 162, 165, 168, 169, 174, 181, 182, 185, 187, 188, 189, 196, 197"
315,1756983026456,1756983026456,1756983028435,1756983028860,2404,38,18,39,"1, 162, 171, 181, 182, 183, 184, 185, 190, 191, 193, 194, 197, 198"
316,1756983027156,1756983027157,1756983027586,1756983028049,893,47,18,39,"1, 162, 171, 181, 182, 183, 184, 185, 190, 191, 193, 194, 197, 198"
317,1756983027665,1756983027665,1756983027737,1756983028301,636,7,12,39,"1, 161, 163, 164, 169, 180, 181, 182, 184, 185, 189, 192, 197, 200"
318,1756983028204,1756983028204,1756983028281,1756983028772,568,35,12,39,"1, 161, 163, 164, 169, 180, 181, 182, 184, 185, 189, 192, 197, 200"
319,1756983028712,1756983028712,1756983028966,1756983029663,951,21,12,39,"1, 164, 166, 174, 178, 180, 182, 184, 185, 187, 191, 195, 196, 199"
320,1756983029281,1756983029281,1756983031476,1756983032140,2859,33,20,39,"1, 173, 177, 179, 180, 183, 188, 190, 193, 194, 195, 196, 198, 199"
321,1756983030044,1756983030065,1756983030720,1756983031271,1227,47,18,39,"1, 173, 177, 179, 180, 183, 188, 190, 193, 194, 195, 196, 198, 199"
322,1756983030577,1756983030578,1756983031821,1756983032097,1520,20,6,39,"1, 161, 163, 169, 172, 173, 176, 179, 181, 182, 185, 186, 192, 194"
323,1756983031182,1756983031183,1756983031293,1756983031796,614,36,6,39,"1, 161, 163, 169, 172, 173, 176, 179, 181, 182, 185, 186, 192, 194"
324,1756983031687,1756983031687,1756983032072,1756983033079,1392,11,6,42,"1, 162, 163, 167, 168, 171, 173, 174, 175, 176, 180, 182, 186, 198, 200"
325,1756983032331,1756983032332,1756983034905,1756983035690,3359,28,6,42,"1, 161, 162, 167, 171, 174, 178, 180, 181, 183, 184, 187, 190, 195, 196"
326,1756983033155,1756983033156,1756983034446,1756983035359,2204,19,6,42,"1, 161, 162, 167, 171, 174, 178, 180, 181, 183, 184, 187, 190, 195, 196"
327,1756983033788,1756983033788,1756983035654,1756983036766,2978,29,15,42,"1, 162, 164, 170, 171, 174, 175, 176, 178, 182, 196, 198, 200, 201, 202"
328,1756983034439,1756983034439,1756983036737,1756983037506,3067,25,3,42,"1, 161, 162, 163, 164, 168, 171, 176, 179, 184, 185, 186, 190, 192, 200"
329,1756983035313,1756983035313,1756983035706,1756983036278,965,32,3,42,"1, 161, 162, 163, 164, 168, 171, 176, 179, 184, 185, 186, 190, 192, 200"
330,1756983035829,1756983035829,1756983035894,1756983036806,977,16,3,42,"1, 161, 162, 163, 164, 168, 171, 176, 179, 184, 185, 186, 190, 192, 200"
331,1756983036356,1756983036356,1756983038331,1756983038844,2488,23,9,42,"1, 161, 162, 166, 169, 173, 175, 177, 180, 182, 184, 189, 195, 196, 200"
332,1756983037302,1756983037303,1756983041359,1756983042494,5192,39,12,42,"1, 164, 167, 168, 176, 178, 179, 182, 183, 184, 191, 196, 198, 202, 203"
333,1756983038132,1756983038132,1756983039235,1756983039853,1721,40,14,45,"1, 162, 172, 175, 177, 181, 182, 183, 187, 191, 192, 194, 199, 200, 201, 203"
334,1756983038729,1756983038729,1756983039702,1756983040479,1750,15,12,45,"1, 170, 172, 174, 180, 182, 184, 187, 190, 191, 192, 194, 197, 202, 203, 204"
335,1756983039513,1756983039514,1756983042860,1756983043730,4217,30,9,45,"1, 163, 166, 171, 176, 179, 181, 182, 184, 185, 192, 193, 194, 197, 198, 202"
336,1756983040356,1756983040660,1756983043968,1756983044912,4556,29,2,45,"1, 162, 163, 165, 169, 172, 173, 176, 177, 179, 182, 183, 185, 191, 193, 196"
337,1756983041595,1756983041595,1756983044121,1756983044803,3208,30,5,45,"1, 165, 167, 171, 172, 173, 174, 176, 178, 179, 180, 187, 192, 193, 196, 202"
338,1756983042396,1756983042419,1756983044348,1756983044933,2537,21,11,45,"1, 161, 164, 166, 172, 176, 180, 181, 183, 185, 191, 192, 196, 197, 199, 204"
339,1756983043532,1756983043533,1756983046893,1756983047442,3910,42,9,45,"1, 161, 164, 165, 168, 172, 173, 175, 179, 182, 184, 185, 195, 198, 204, 205"
340,1756983044982,1756983044994,1756983048401,1756983049747,4765,50,9,45,"1, 163, 166, 168, 170, 176, 180, 184, 185, 187, 189, 190, 196, 200, 202, 204"
341,1756983046070,1756983046071,1756983046908,1756983047604,1534,35,9,45,"1, 161, 162, 170, 180, 182, 183, 184, 186, 187, 189, 191, 193, 202, 204, 205"
342,1756983046649,1756983046649,1756983047419,1756983048005,1356,15,11,45,"1, 163, 165, 166, 170, 171, 173, 178, 179, 182, 186, 187, 198, 200, 204, 206"
343,1756983047341,1756983047344,1756983049701,1756983050406,3065,18,9,48,"1, 164, 173, 179, 181, 182, 184, 185, 186, 188, 192, 193, 194, 196, 204, 205, 208"
344,1756983048197,1756983048198,1756983049271,1756983050220,2023,28,9,48,"1, 164, 173, 179, 181, 182, 184, 185, 186, 188, 192, 193, 194, 196, 204, 205, 208"
345,1756983048812,1756983048813,1756983050113,1756983050984,2172,12,15,48,"1, 164, 168, 169, 170, 175, 178, 180, 184, 185, 186, 188, 201, 202, 203, 205, 207"
346,1756983049484,1756983049504,1756983050724,1756983051203,1719,18,18,48,"1, 162, 163, 164, 166, 169, 175, 184, 186, 189, 198, 200, 202, 203, 205, 206, 208"
347,1756983050112,1756983050112,1756983051214,1756983051940,1828,27,18,48,"1, 162, 163, 164, 166, 169, 175, 184, 186, 189, 198, 200, 202, 203, 205, 206, 208"
348,1756983050735,1756983050735,1756983051781,1756983052739,2004,13,12,48,"1, 162, 169, 170, 171, 172, 181, 182, 186, 188, 190, 195, 196, 201, 203, 204, 206"
349,1756983051356,1756983051357,1756983053544,1756983054106,2750,23,8,51,"1, 162, 166, 167, 169, 173, 176, 180, 183, 185, 188, 189, 194, 196, 198, 199, 208, 209"
350,1756983051989,1756983051990,1756983053493,1756983054755,2766,16,8,51,"1, 162, 166, 167, 169, 173, 176, 180, 183, 185, 188, 189, 194, 196, 198, 199, 208, 209"
351,1756983052639,1756983052639,1756983052792,1756983053974,1335,13,8,51,"1, 162, 166, 167, 169, 173, 176, 180, 183, 185, 188, 189, 194, 196, 198, 199, 208, 209"
352,1756983053179,1756983053180,1756983053382,1756983054368,1189,24,8,51,"1, 162, 166, 167, 169, 173, 176, 180, 183, 185, 188, 189, 194, 196, 198, 199, 208, 209"
353,1756983053684,1756983053684,1756983054871,1756983055942,2258,12,9,51,"1, 162, 164, 169, 173, 180, 181, 182, 183, 184, 185, 187, 190, 195, 198, 202, 206, 210"
354,1756983054430,1756983054431,1756983057917,1756983059094,4664,30,15,51,"1, 167, 170, 172, 173, 174, 178, 182, 184, 190, 194, 196, 199, 204, 205, 206, 207, 210"
355,1756983055325,1756983055335,1756983057808,1756983058994,3669,17,8,51,"1, 161, 162, 169, 170, 176, 178, 183, 184, 190, 192, 193, 194, 195, 197, 202, 203, 205"
356,1756983055991,1756983055992,1756983057996,1756983059423,3432,20,8,51,"1, 161, 162, 169, 170, 176, 178, 183, 184, 190, 192, 193, 194, 195, 197, 202, 203, 205"
357,1756983056595,1756983056596,1756983057915,1756983058977,2382,9,3,51,"1, 163, 166, 170, 171, 177, 178, 180, 182, 183, 184, 186, 188, 190, 192, 196, 200, 210"
358,1756983057513,1756983057514,1756983058610,1756983059568,2055,13,23,51,"1, 162, 163, 176, 180, 184, 185, 189, 193, 197, 201, 203, 204, 205, 207, 209, 210, 211"
359,1756983058155,1756983058155,1756983060633,1756983062041,3886,17,21,51,"1, 162, 163, 176, 180, 184, 185, 189, 193, 197, 201, 203, 204, 205, 207, 209, 210, 211"
360,1756983058877,1756983058878,1756983061809,1756983062752,3875,23,12,51,"1, 170, 172, 175, 177, 183, 185, 186, 187, 189, 192, 193, 196, 200, 203, 205, 206, 211"
361,1756983059754,1756983059755,1756983060757,1756983061424,1670,18,12,51,"1, 170, 172, 175, 177, 183, 185, 186, 187, 189, 192, 193, 196, 200, 203, 205, 206, 211"
362,1756983060264,1756983060265,1756983060508,1756983061806,1542,20,12,51,"1, 170, 172, 175, 177, 183, 185, 186, 187, 189, 192, 193, 196, 200, 203, 205, 206, 211"
363,1756983060767,1756983060767,1756983060850,1756983061621,854,3,12,51,"1, 170, 172, 175, 177, 183, 185, 186, 187, 189, 192, 193, 196, 200, 203, 205, 206, 211"
364,1756983061427,1756983061451,1756983065004,1756983066228,4801,31,9,51,"1, 164, 172, 176, 177, 179, 180, 185, 186, 187, 188, 194, 195, 198, 199, 206, 210, 212"
365,1756983062446,1756983062448,1756983066775,1756983068474,6028,28,5,54,"1, 167, 168, 170, 172, 173, 174, 176, 181, 187, 189, 193, 194, 196, 197, 198, 202, 205, 210"
366,1756983063442,1756983063443,1756983067597,1756983069119,5677,27,13,54,"1, 164, 181, 182, 183, 184, 185, 189, 192, 195, 196, 198, 199, 200, 203, 205, 209, 213, 214"
367,1756983064430,1756983064545,1756983067747,1756983069162,4732,19,8,54,"1, 166, 170, 172, 173, 176, 177, 183, 184, 186, 191, 193, 196, 197, 199, 200, 206, 212, 214"
368,1756983065625,1756983065627,1756983068926,1756983070103,4478,25,6,54,"1, 161, 163, 164, 165, 166, 174, 176, 178, 180, 184, 187, 188, 192, 194, 199, 203, 207, 214"
369,1756983066495,1756983066649,1756983068748,1756983070141,3646,14,9,54,"1, 166, 167, 168, 175, 176, 177, 178, 180, 183, 187, 194, 195, 197, 202, 203, 207, 212, 213"
370,1756983067447,1756983067448,1756983069616,1756983070852,3405,19,16,57,"1, 161, 163, 168, 174, 179, 180, 181, 192, 194, 197, 198, 199, 201, 205, 206, 207, 211, 213, 216"
371,1756983068536,1756983068557,1756983071619,1756983072919,4383,26,8,57,"1, 161, 162, 166, 167, 172, 177, 181, 182, 183, 190, 194, 197, 200, 202, 203, 205, 208, 215, 216"
372,1756983069534,1756983069534,1756983072032,1756983073595,4061,19,8,57,"1, 164, 165, 167, 168, 171, 173, 178, 180, 181, 193, 196, 197, 199, 200, 202, 204, 208, 209, 212"
373,1756983070507,1756983070508,1756983074792,1756983076380,5873,27,8,57,"1, 166, 169, 172, 174, 182, 183, 184, 187, 189, 190, 197, 198, 199, 201, 204, 205, 207, 212, 213"
374,1756983071367,1756983071404,1756983074237,1756983075765,4398,16,15,57,"1, 168, 169, 171, 174, 176, 180, 181, 184, 190, 192, 194, 201, 203, 205, 210, 211, 213, 214, 215"
375,1756983072629,1756983072775,1756983076619,1756983077871,5242,26,8,57,"1, 161, 164, 167, 170, 171, 175, 176, 178, 184, 185, 187, 189, 192, 194, 197, 198, 210, 213, 214"
376,1756983073914,1756983073915,1756983077238,1756983078933,5019,23,6,57,"1, 164, 168, 169, 170, 171, 174, 179, 180, 181, 182, 185, 186, 187, 194, 199, 200, 201, 211, 212"
377,1756983074720,1756983074721,1756983077060,1756983077952,3232,16,13,57,"1, 161, 162, 168, 170, 171, 173, 184, 186, 189, 193, 194, 197, 201, 206, 209, 210, 211, 212, 216"
378,1756983075493,1756983075493,1756983077431,1756983078047,2554,12,13,57,"1, 161, 162, 168, 170, 171, 173, 184, 186, 189, 193, 194, 197, 201, 206, 209, 210, 211, 212, 216"
379,1756983076227,1756983076246,1756983076405,1756983077551,1324,18,15,57,"1, 161, 162, 168, 170, 171, 173, 184, 186, 189, 193, 194, 197, 201, 206, 209, 210, 211, 212, 216"
380,1756983076768,1756983076768,1756983078028,1756983078966,2198,11,13,60,"1, 164, 165, 166, 171, 177, 178, 179, 186, 187, 191, 193, 194, 197, 200, 206, 209, 210, 211, 215, 220"
381,1756983077415,1756983077429,1756983079025,1756983080767,3352,13,14,60,"1, 161, 165, 167, 173, 176, 178, 181, 182, 193, 194, 198, 199, 201, 206, 207, 210, 214, 216, 217, 220"
382,1756983078072,1756983078073,1756983079767,1756983081420,3348,16,12,60,"1, 161, 165, 167, 173, 176, 178, 181, 182, 193, 194, 198, 199, 201, 206, 207, 210, 214, 216, 217, 220"
383,1756983078865,1756983079122,1756983081217,1756983082223,3358,13,16,60,"1, 162, 165, 166, 171, 182, 185, 187, 189, 199, 200, 206, 207, 208, 209, 210, 211, 213, 214, 218, 219"
384,1756983079948,1756983079963,1756983081761,1756983083294,3346,24,16,60,"1, 162, 165, 166, 171, 182, 185, 187, 189, 199, 200, 206, 207, 208, 209, 210, 211, 213, 214, 218, 219"
385,1756983080918,1756983080919,1756983083342,1756983084553,3635,18,11,60,"1, 161, 162, 163, 165, 167, 170, 171, 179, 181, 189, 191, 192, 194, 196, 198, 206, 207, 211, 213, 218"
386,1756983081752,1756983081753,1756983083817,1756983085009,3257,15,14,63,"1, 164, 170, 171, 172, 173, 176, 178, 182, 190, 192, 193, 194, 198, 199, 202, 206, 209, 215, 217, 218, 221"
387,1756983082519,1756983082519,1756983084501,1756983085702,3183,12,15,63,"1, 162, 163, 166, 167, 171, 178, 180, 181, 182, 183, 189, 193, 194, 195, 205, 209, 212, 213, 217, 218, 219"
388,1756983083411,1756983083412,1756983085676,1756983087156,3745,14,12,63,"1, 166, 172, 179, 184, 185, 187, 191, 193, 194, 195, 196, 197, 198, 203, 207, 208, 211, 212, 217, 219, 222"
389,1756983084198,1756983084535,1756983087588,1756983089554,5356,22,10,63,"1, 166, 172, 179, 184, 185, 187, 191, 193, 194, 195, 196, 197, 198, 203, 207, 208, 211, 212, 217, 219, 222"
390,1756983085425,1756983085425,1756983089195,1756983090823,5398,21,21,63,"1, 164, 168, 171, 174, 180, 182, 183, 185, 193, 195, 197, 198, 206, 208, 210, 213, 215, 216, 218, 220, 221"
391,1756983086458,1756983086595,1756983090767,1756983092297,5839,20,10,63,"1, 161, 165, 168, 169, 172, 175, 178, 181, 184, 185, 187, 188, 190, 192, 199, 203, 205, 209, 210, 212, 222"
392,1756983087484,1756983087485,1756983090948,1756983093040,5556,17,18,63,"1, 163, 167, 168, 170, 175, 179, 180, 182, 184, 185, 193, 194, 199, 203, 205, 207, 209, 214, 216, 217, 222"
393,1756983088209,1756983088209,1756983090223,1756983092506,4297,8,18,63,"1, 163, 167, 168, 170, 175, 179, 180, 182, 184, 185, 193, 194, 199, 203, 205, 207, 209, 214, 216, 217, 222"
394,1756983088946,1756983088947,1756983091940,1756983093663,4717,15,21,63,"1, 164, 166, 167, 171, 172, 176, 179, 181, 190, 193, 200, 201, 203, 207, 210, 211, 213, 218, 220, 222, 224"
395,1756983089903,1756983089904,1756983092251,1756983093512,3609,14,14,63,"1, 161, 164, 168, 170, 174, 175, 177, 178, 179, 182, 185, 188, 189, 190, 193, 198, 205, 208, 209, 212, 219"
396,1756983090511,1756983090569,1756983091931,1756983093512,3001,8,11,63,"1, 163, 164, 169, 173, 174, 179, 182, 184, 186, 189, 190, 200, 201, 205, 206, 209, 211, 212, 213, 214, 218"
397,1756983091182,1756983091269,1756983092188,1756983093663,2481,5,11,63,"1, 163, 164, 169, 173, 174, 179, 182, 184, 186, 189, 190, 200, 201, 205, 206, 209, 211, 212, 213, 214, 218"
398,1756983091921,1756983091922,1756983094899,1756983096699,4778,16,27,66,"1, 165, 167, 168, 171, 172, 181, 182, 189, 190, 191, 193, 196, 204, 206, 210, 212, 213, 215, 218, 222, 224, 226"
399,1756983092723,1756983092723,1756983096030,1756983097596,4873,18,26,66,"1, 162, 165, 166, 171, 173, 174, 182, 183, 192, 194, 201, 203, 204, 205, 206, 209, 212, 214, 215, 217, 221, 226"
400,1756983093641,1756983093641,1756983096716,1756983098704,5063,17,8,66,"1, 170, 171, 178, 181, 187, 189, 190, 191, 193, 194, 195, 196, 197, 199, 201, 203, 204, 206, 207, 208, 215, 219"
401,1756983094575,1756983094642,1756983096932,1756983098948,4373,14,31,66,"1, 162, 163, 164, 165, 170, 171, 180, 182, 183, 190, 193, 198, 201, 202, 206, 211, 214, 217, 218, 220, 222, 225"
402,1756983095496,1756983095497,1756983097272,1756983099107,3611,15,23,66,"1, 164, 165, 166, 169, 178, 180, 182, 186, 190, 195, 196, 199, 205, 207, 208, 210, 214, 215, 217, 218, 219, 224"
403,1756983096412,1756983096437,1756983099353,1756983101382,4970,15,30,66,"1, 163, 164, 165, 166, 169, 176, 177, 186, 188, 190, 196, 199, 201, 205, 208, 210, 213, 214, 219, 222, 225, 226"
404,1756983097645,1756983097805,1756983101291,1756983102779,5134,21,39,69,"1, 165, 166, 169, 170, 171, 172, 176, 178, 190, 194, 195, 196, 200, 201, 207, 210, 215, 217, 220, 221, 222, 227, 228"
405,1756983098836,1756983098836,1756983101003,1756983103061,4225,13,31,69,"1, 161, 162, 164, 169, 171, 172, 179, 182, 183, 184, 186, 188, 194, 195, 203, 207, 209, 212, 216, 220, 222, 225, 228"
406,1756983099633,1756983099633,1756983101419,1756983103230,3597,9,23,69,"1, 163, 172, 174, 176, 181, 183, 187, 189, 191, 192, 195, 197, 200, 201, 205, 206, 211, 213, 214, 219, 222, 223, 227"
407,1756983100631,1756983100632,1756983103152,1756983104981,4350,14,37,69,"1, 162, 163, 164, 166, 168, 172, 178, 180, 181, 182, 185, 190, 193, 194, 196, 201, 204, 211, 212, 220, 222, 224, 225"
408,1756983101461,1756983101461,1756983104057,1756983106686,5225,14,21,69,"1, 161, 163, 168, 169, 172, 176, 183, 184, 185, 186, 187, 189, 190, 192, 194, 201, 203, 209, 211, 214, 216, 217, 220"
409,1756983102453,1756983102522,1756983105965,1756983107943,5490,16,26,69,"1, 162, 163, 170, 175, 176, 178, 179, 181, 183, 185, 186, 187, 191, 192, 194, 195, 197, 214, 216, 218, 219, 220, 229"
410,1756983103518,1756983103519,1756983106456,1756983108401,4883,13,33,69,"1, 164, 165, 170, 172, 175, 176, 177, 183, 187, 190, 193, 196, 197, 200, 203, 207, 212, 215, 218, 222, 223, 225, 226"
411,1756983104492,1756983104493,1756983107617,1756983108976,4484,16,27,69,"1, 161, 164, 165, 166, 173, 180, 186, 190, 193, 194, 196, 198, 204, 205, 209, 212, 214, 215, 216, 217, 222, 224, 228"
412,1756983105419,1756983105420,1756983107754,1756983109137,3718,13,31,69,"1, 161, 166, 168, 175, 182, 186, 187, 191, 194, 196, 198, 199, 201, 206, 207, 208, 209, 218, 221, 225, 226, 227, 230"
413,1756983106574,1756983106575,1756983107777,1756983109783,3209,7,35,69,"1, 163, 164, 166, 169, 171, 174, 178, 180, 181, 187, 188, 193, 194, 196, 197, 199, 200, 201, 210, 215, 221, 225, 227"
414,1756983107319,1756983107324,1756983109387,1756983110939,3620,13,24,72,"1, 163, 167, 172, 175, 176, 178, 181, 186, 188, 190, 191, 195, 198, 201, 202, 205, 206, 208, 213, 215, 216, 218, 219, 221"
415,1756983108355,1756983108355,1756983111000,1756983112855,4500,15,37,72,"1, 163, 164, 167, 168, 169, 171, 174, 176, 177, 180, 189, 190, 195, 199, 207, 209, 210, 214, 216, 219, 221, 222, 224, 231"
416,1756983109259,1756983109260,1756983111030,1756983113104,3845,10,37,72,"1, 163, 164, 167, 168, 169, 171, 174, 176, 177, 180, 189, 190, 195, 199, 207, 209, 210, 214, 216, 219, 221, 222, 224, 231"
417,1756983110077,1756983110108,1756983111976,1756983114384,4307,10,40,72,"1, 162, 168, 169, 171, 173, 175, 177, 179, 181, 183, 187, 189, 195, 202, 203, 204, 207, 208, 209, 211, 220, 223, 226, 231"
418,1756983110903,1756983110903,1756983112441,1756983114783,3880,10,41,72,"1, 161, 171, 173, 174, 175, 181, 183, 186, 187, 198, 200, 201, 203, 205, 207, 208, 210, 212, 221, 225, 227, 228, 229, 231"
419,1756983111632,1756983111632,1756983113186,1756983115618,3986,11,36,72,"1, 167, 170, 172, 175, 177, 178, 179, 185, 186, 193, 195, 198, 199, 200, 203, 206, 207, 212, 215, 217, 222, 226, 227, 232"
420,1756983112504,1756983112556,1756983115311,1756983117473,4969,12,43,75,"1, 165, 166, 167, 174, 179, 182, 186, 187, 189, 190, 193, 195, 198, 203, 207, 209, 213, 214, 220, 222, 223, 226, 227, 230, 232"
421,1756983113456,1756983113548,1756983116437,1756983118638,5182,14,38,75,"1, 164, 167, 176, 178, 180, 181, 184, 187, 191, 192, 193, 200, 202, 204, 207, 208, 209, 215, 217, 218, 219, 222, 225, 228, 231"
422,1756983114607,1756983114607,1756983116817,1756983118935,4328,12,46,75,"1, 161, 164, 168, 171, 172, 176, 177, 178, 184, 190, 191, 192, 197, 200, 201, 208, 209, 211, 218, 222, 224, 226, 227, 232, 233"
423,1756983115615,1756983115616,1756983117950,1756983119965,4350,13,45,75,"1, 161, 163, 165, 169, 170, 171, 173, 176, 178, 180, 181, 186, 188, 191, 195, 196, 198, 199, 201, 203, 207, 209, 218, 220, 226"
424,1756983116445,1756983116446,1756983118408,1756983120794,4349,11,43,75,"1, 161, 162, 165, 168, 171, 172, 175, 179, 182, 191, 193, 200, 202, 205, 206, 209, 212, 214, 216, 219, 222, 226, 228, 231, 233"
425,1756983117506,1756983117654,1756983119998,1756983122431,4925,14,47,75,"1, 161, 165, 168, 170, 177, 178, 186, 190, 191, 192, 196, 202, 203, 205, 216, 217, 219, 220, 222, 224, 227, 231, 232, 233, 234"
426,1756983118431,1756983118432,1756983120096,1756983122447,4016,9,53,75,"1, 161, 162, 165, 167, 169, 171, 173, 174, 175, 179, 183, 184, 187, 194, 196, 207, 209, 210, 213, 214, 218, 222, 227, 229, 231"
427,1756983119158,1756983119158,1756983121103,1756983123890,4732,10,53,75,"1, 161, 162, 165, 167, 169, 171, 173, 174, 175, 179, 183, 184, 187, 194, 196, 207, 209, 210, 213, 214, 218, 222, 227, 229, 231"
428,1756983119888,1756983119888,1756983122685,1756983125007,5119,12,43,75,"1, 162, 165, 168, 169, 170, 171, 181, 182, 185, 195, 199, 201, 202, 203, 209, 214, 216, 218, 220, 223, 224, 228, 229, 230, 231"
429,1756983120635,1756983120636,1756983124599,1756983127054,6419,17,43,75,"1, 163, 167, 170, 172, 185, 186, 187, 188, 194, 195, 201, 204, 205, 207, 210, 211, 215, 217, 221, 223, 226, 228, 231, 233, 236"
430,1756983121803,1756983121804,1756983123967,1756983126042,4239,9,48,75,"1, 161, 168, 169, 174, 176, 178, 188, 189, 190, 191, 201, 202, 205, 207, 212, 222, 223, 224, 226, 227, 229, 230, 231, 235, 236"
431,1756983122496,1756983122496,1756983123815,1756983126442,3946,5,54,78,"1, 166, 171, 174, 175, 177, 179, 180, 181, 182, 185, 187, 196, 198, 200, 202, 205, 211, 212, 214, 215, 221, 223, 229, 233, 234, 238"
432,1756983123171,1756983123171,1756983124605,1756983126936,3765,7,55,78,"1, 166, 171, 174, 175, 177, 179, 180, 181, 182, 185, 187, 196, 198, 200, 202, 205, 211, 212, 214, 215, 221, 223, 229, 233, 234, 238"
433,1756983123841,1756983123841,1756983124630,1756983127124,3283,3,63,78,"1, 161, 163, 167, 168, 169, 170, 180, 182, 183, 184, 186, 191, 194, 195, 198, 200, 205, 209, 220, 225, 227, 229, 231, 232, 234, 235"
434,1756983124588,1756983124588,1756983126718,1756983129239,4651,11,50,78,"1, 164, 168, 169, 171, 173, 177, 180, 182, 188, 191, 194, 198, 200, 201, 202, 204, 205, 212, 215, 216, 217, 220, 225, 227, 235, 237"
435,1756983125397,1756983125397,1756983127578,1756983130236,4839,11,56,78,"1, 164, 165, 172, 176, 181, 182, 185, 186, 189, 191, 195, 197, 198, 201, 202, 205, 212, 216, 221, 223, 225, 226, 231, 232, 234, 237"
436,1756983126487,1756983126488,1756983130298,1756983133844,7357,18,53,78,"1, 162, 163, 166, 167, 169, 174, 179, 180, 182, 183, 184, 185, 188, 190, 202, 205, 206, 207, 209, 220, 221, 223, 225, 228, 231, 232"
437,1756983127437,1756983127437,1756983128330,1756983131360,3923,4,64,81,"1, 162, 165, 166, 168, 172, 173, 178, 181, 183, 184, 187, 188, 190, 193, 194, 196, 198, 200, 206, 213, 215, 219, 222, 223, 236, 237, 240"
438,1756983128006,1756983128006,1756983130213,1756983134040,6034,9,65,81,"1, 162, 165, 166, 168, 172, 173, 178, 181, 183, 184, 187, 188, 190, 193, 194, 196, 198, 200, 206, 213, 215, 219, 222, 223, 236, 237, 240"
439,1756983128803,1756983128803,1756983131198,1756983134625,5822,9,58,81,"1, 161, 163, 168, 169, 171, 175, 176, 179, 182, 184, 196, 202, 204, 207, 210, 211, 212, 214, 215, 218, 229, 232, 233, 236, 237, 239, 240"
440,1756983129913,1756983129913,1756983133349,1756983136457,6544,14,58,81,"1, 161, 169, 170, 173, 174, 178, 181, 182, 183, 184, 189, 195, 199, 201, 202, 206, 210, 214, 215, 217, 218, 224, 226, 228, 235, 238, 240"
441,1756983131006,1756983131007,1756983133428,1756983136491,5485,10,72,81,"1, 163, 164, 165, 166, 169, 171, 172, 177, 178, 179, 182, 185, 186, 187, 190, 193, 194, 203, 204, 208, 209, 212, 222, 231, 232, 235, 238"
442,1756983131752,1756983131752,1756983133112,1756983135223,3471,5,54,81,"1, 162, 165, 169, 170, 175, 180, 181, 190, 191, 202, 204, 206, 208, 209, 212, 213, 214, 220, 221, 222, 226, 229, 231, 237, 238, 239, 240"
443,1756983132413,1756983132413,1756983133383,1756983136458,4045,5,55,81,"1, 162, 165, 169, 170, 175, 180, 181, 190, 191, 202, 204, 206, 208, 209, 212, 213, 214, 220, 221, 222, 226, 229, 231, 237, 238, 239, 240"
444,1756983133050,1756983133050,1756983133920,1756983137094,4044,5,55,81,"1, 162, 165, 169, 170, 175, 180, 181, 190, 191, 202, 204, 206, 208, 209, 212, 213, 214, 220, 221, 222, 226, 229, 231, 237, 238, 239, 240"
445,1756983133696,1756983133696,1756983135541,1756983138725,5029,8,61,81,"1, 161, 168, 169, 172, 180, 186, 187, 190, 191, 192, 194, 196, 197, 200, 203, 206, 207, 209, 210, 213, 214, 218, 225, 227, 228, 229, 237"
446,1756983134489,1756983134489,1756983137527,1756983140685,6196,13,57,81,"1, 163, 165, 166, 168, 171, 172, 176, 177, 180, 194, 197, 198, 200, 201, 202, 206, 208, 210, 218, 220, 222, 223, 224, 225, 229, 231, 240"
447,1756983135765,1756983135766,1756983140135,1756983142972,7207,16,61,81,"1, 164, 168, 172, 173, 175, 178, 179, 181, 184, 185, 190, 193, 194, 197, 202, 203, 205, 209, 213, 220, 223, 224, 225, 227, 230, 234, 238"
448,1756983136866,1756983136867,1756983140494,1756983142696,5830,12,58,81,"1, 161, 167, 170, 172, 174, 175, 176, 177, 179, 180, 183, 187, 188, 191, 201, 205, 208, 216, 217, 218, 220, 227, 228, 229, 230, 235, 242"
449,1756983137771,1756983137771,1756983140225,1756983142695,4924,8,66,84,"1, 164, 168, 170, 171, 177, 185, 193, 194, 197, 198, 203, 206, 207, 210, 212, 213, 214, 215, 217, 219, 223, 228, 229, 236, 237, 238, 240, 241"
450,1756983138569,1756983138569,1756983141011,1756983143630,5061,8,61,84,"1, 161, 162, 164, 166, 168, 172, 176, 185, 193, 198, 199, 201, 204, 206, 214, 215, 217, 219, 224, 225, 228, 229, 231, 234, 236, 237, 240, 243"
451,1756983139649,1756983139649,1756983141924,1756983144623,4974,8,65,84,"1, 161, 163, 164, 165, 169, 171, 176, 177, 179, 189, 190, 192, 195, 196, 201, 203, 206, 207, 211, 219, 222, 224, 230, 232, 233, 236, 240, 243"
452,1756983140857,1756983140858,1756983144209,1756983146022,5165,14,71,84,"1, 161, 162, 165, 166, 168, 169, 170, 171, 175, 176, 185, 189, 190, 192, 198, 199, 204, 206, 211, 212, 214, 220, 221, 222, 227, 230, 239, 240"
453,1756983141829,1756983141830,1756983144583,1756983146737,4908,11,61,84,"1, 163, 164, 169, 173, 176, 179, 181, 184, 187, 197, 198, 205, 209, 212, 218, 220, 222, 224, 226, 227, 230, 231, 233, 237, 238, 239, 243, 246"
454,1756983142617,1756983142617,1756983144542,1756983146950,4333,7,73,87,"1, 166, 169, 170, 173, 176, 178, 179, 182, 183, 189, 190, 193, 197, 198, 200, 204, 206, 209, 211, 214, 221, 222, 223, 231, 235, 237, 238, 239, 242"
455,1756983143668,1756983143676,1756983145393,1756983148656,4988,8,75,87,"1, 163, 165, 171, 174, 176, 182, 183, 184, 186, 191, 193, 195, 198, 199, 205, 206, 207, 208, 212, 213, 215, 219, 220, 227, 229, 230, 240, 243, 244"
456,1756983144478,1756983144478,1756983146365,1756983149923,5445,9,71,86,"1, 161, 165, 167, 168, 174, 175, 178, 179, 180, 182, 184, 185, 188, 189, 190, 191, 192, 195, 198, 218, 219, 221, 223, 225, 231, 235, 238, 239, 245"
457,1756983145735,1756983145880,1756983150447,1756983153401,7666,15,70,85,"1, 162, 170, 172, 175, 179, 182, 185, 186, 187, 194, 196, 201, 202, 203, 209, 210, 212, 213, 214, 216, 223, 225, 226, 234, 235, 236, 237, 241, 244"
458,1756983146791,1756983146791,1756983150493,1756983153147,6356,12,70,87,"1, 167, 172, 173, 179, 180, 182, 184, 185, 186, 189, 192, 197, 198, 200, 202, 205, 206, 207, 211, 218, 221, 224, 225, 227, 228, 233, 234, 237, 244"
459,1756983147541,1756983147542,1756983149320,1756983151839,4298,5,63,86,"1, 163, 168, 169, 171, 175, 176, 185, 186, 188, 195, 198, 201, 204, 209, 213, 218, 222, 223, 224, 225, 227, 228, 229, 232, 233, 237, 242, 244, 248"
460,1756983148459,1756983148459,1756983149680,1756983152561,4102,4,75,87,"1, 168, 170, 171, 174, 177, 179, 180, 181, 184, 191, 194, 198, 200, 201, 203, 205, 206, 208, 211, 213, 215, 217, 219, 220, 225, 228, 229, 235, 239"
461,1756983149054,1756983149054,1756983150592,1756983153768,4714,5,74,86,"1, 168, 170, 171, 174, 177, 179, 180, 181, 184, 191, 194, 198, 200, 201, 203, 205, 206, 208, 211, 213, 215, 217, 219, 220, 225, 228, 229, 235, 239"
462,1756983149719,1756983149869,1756983150783,1756983153661,3942,2,69,84,"1, 167, 170, 171, 173, 175, 176, 192, 196, 198, 206, 215, 216, 217, 218, 220, 221, 222, 223, 224, 225, 227, 230, 231, 237, 239, 244, 247, 248"
463,1756983150588,1756983150705,1756983153185,1756983155504,4916,11,68,84,"1, 169, 170, 172, 173, 175, 176, 179, 180, 185, 189, 192, 194, 196, 212, 213, 215, 217, 219, 220, 226, 229, 233, 235, 237, 238, 241, 243, 244"
464,1756983151597,1756983151597,1756983155446,1756983158951,7354,14,67,80,"1, 168, 169, 170, 173, 176, 179, 184, 189, 191, 193, 200, 202, 211, 216, 217, 219, 221, 223, 225, 226, 230, 232, 237, 240, 242, 243, 244, 246"
465,1756983152692,1756983152749,1756983157049,1756983160436,7744,14,76,82,"1, 169, 171, 173, 175, 177, 178, 181, 184, 185, 189, 190, 191, 194, 195, 197, 199, 200, 201, 202, 206, 212, 214, 224, 225, 233, 237, 241, 244"
466,1756983153731,1756983153731,1756983156292,1756983159009,5278,8,66,83,"1, 171, 178, 183, 191, 192, 193, 196, 201, 204, 205, 209, 212, 216, 220, 224, 225, 226, 227, 229, 231, 232, 236, 237, 242, 245, 248, 249, 250"
467,1756983154586,1756983154586,1756983157373,1756983160384,5798,8,67,79,"1, 169, 171, 173, 176, 177, 179, 182, 189, 191, 192, 193, 199, 201, 203, 210, 211, 213, 219, 227, 228, 229, 233, 234, 242, 244, 249, 250"
468,1756983155745,1756983155746,1756983159166,1756983161906,6161,12,70,80,"1, 174, 177, 178, 181, 182, 183, 184, 185, 186, 189, 193, 210, 215, 216, 218, 221, 222, 224, 225, 228, 233, 235, 236, 242, 245, 246, 249"
469,1756983156807,1756983156808,1756983158792,1756983161667,4860,8,68,80,"1, 174, 177, 179, 180, 182, 185, 186, 188, 193, 194, 203, 213, 214, 215, 220, 222, 225, 229, 232, 237, 239, 241, 244, 245, 247, 249, 250"
470,1756983157476,1756983157476,1756983159429,1756983162786,5310,8,66,80,"1, 174, 180, 181, 183, 185, 188, 189, 190, 195, 196, 202, 205, 206, 210, 214, 215, 216, 218, 223, 230, 231, 235, 239, 240, 243, 246, 251"
471,1756983158468,1756983158468,1756983160129,1756983162195,3727,7,65,77,"1, 171, 174, 176, 178, 180, 185, 189, 190, 193, 198, 199, 203, 204, 209, 219, 222, 224, 225, 228, 230, 231, 236, 238, 241, 243, 245, 248"
472,1756983159391,1756983159391,1756983160551,1756983163614,4223,6,68,79,"1, 173, 176, 178, 179, 186, 190, 191, 198, 199, 202, 204, 205, 207, 211, 218, 228, 229, 236, 238, 239, 241, 242, 243, 244, 245, 247, 251"
473,1756983160137,1756983160137,1756983161789,1756983164946,4809,8,66,77,"1, 173, 176, 178, 179, 186, 190, 191, 198, 199, 202, 204, 205, 207, 211, 218, 228, 229, 236, 238, 239, 241, 242, 243, 244, 245, 247, 251"
474,1756983161005,1756983161006,1756983163369,1756983166960,5955,12,64,73,"1, 173, 178, 179, 181, 190, 193, 197, 200, 202, 203, 204, 210, 212, 213, 215, 217, 223, 227, 228, 231, 238, 239, 241, 245, 246, 248"
475,1756983161734,1756983161734,1756983164906,1756983167962,6228,10,67,76,"1, 179, 180, 185, 187, 188, 192, 196, 197, 199, 201, 203, 208, 210, 211, 216, 217, 220, 222, 226, 233, 236, 240, 241, 242, 244, 247"
476,1756983162866,1756983162867,1756983168281,1756983171023,8157,21,62,71,"1, 175, 179, 181, 182, 185, 187, 188, 192, 193, 195, 197, 201, 204, 206, 214, 217, 224, 225, 229, 233, 236, 240, 242, 247, 250, 251"
477,1756983164184,1756983164265,1756983167221,1756983169549,5365,12,62,71,"1, 178, 180, 182, 183, 185, 186, 191, 193, 196, 203, 207, 210, 216, 219, 220, 221, 223, 228, 229, 236, 238, 240, 245, 247, 249"
478,1756983165473,1756983165474,1756983169191,1756983171388,5915,15,66,75,"1, 185, 188, 190, 192, 196, 199, 200, 201, 203, 207, 209, 211, 214, 215, 216, 220, 221, 224, 225, 235, 236, 239, 250, 251, 252"
479,1756983166521,1756983166521,1756983169323,1756983171798,5277,13,55,74,"1, 182, 185, 189, 190, 195, 199, 204, 212, 215, 217, 221, 224, 225, 229, 232, 233, 234, 235, 237, 238, 239, 246, 247, 251, 252"
480,1756983167414,1756983167414,1756983169009,1756983170629,3215,7,59,71,"1, 182, 183, 193, 202, 203, 208, 211, 215, 216, 217, 219, 222, 223, 230, 233, 237, 239, 240, 242, 244, 245, 246, 249, 251"
481,1756983168132,1756983168132,1756983170328,1756983172070,3938,11,57,69,"1, 182, 183, 193, 202, 203, 208, 211, 215, 216, 217, 219, 222, 223, 230, 233, 237, 239, 240, 242, 244, 245, 246, 249, 251"
482,1756983168890,1756983168890,1756983170579,1756983172958,4068,10,68,71,"1, 183, 194, 195, 196, 200, 203, 204, 205, 206, 210, 212, 215, 218, 220, 221, 228, 229, 231, 240, 241, 242, 243, 245, 250"
483,1756983170543,1756983170736,1756983175966,1756983178368,7825,26,51,62,"1, 183, 188, 190, 201, 206, 213, 214, 215, 218, 220, 221, 228, 235, 237, 239, 240, 241, 242, 243, 245, 246, 250, 252"
484,1756983171887,1756983171888,1756983176392,1756983178869,6982,19,58,65,"1, 187, 188, 197, 198, 199, 200, 203, 206, 207, 213, 217, 219, 221, 223, 230, 231, 233, 238, 240, 241, 246, 250, 252"
485,1756983173454,1756983173455,1756983177369,1756983179406,5952,20,52,60,"1, 187, 190, 191, 192, 196, 199, 202, 203, 206, 207, 211, 214, 215, 216, 218, 221, 223, 236, 238, 239, 244, 250"
486,1756983174482,1756983174483,1756983177592,1756983179458,4976,14,52,60,"1, 187, 190, 191, 192, 196, 199, 202, 203, 206, 207, 211, 214, 215, 216, 218, 221, 223, 236, 238, 239, 244, 250"
487,1756983175657,1756983175658,1756983178581,1756983180150,4493,18,56,61,"1, 190, 198, 202, 203, 207, 209, 211, 213, 217, 218, 223, 226, 227, 230, 235, 236, 239, 241, 242, 243, 245"
488,1756983176538,1756983176539,1756983178470,1756983180121,3583,13,60,61,"1, 192, 194, 197, 199, 201, 205, 206, 215, 218, 223, 224, 225, 227, 232, 234, 236, 241, 242, 246, 250, 251"
489,1756983177386,1756983177386,1756983179381,1756983180826,3440,15,59,61,"1, 193, 195, 196, 197, 205, 207, 211, 213, 216, 217, 223, 225, 230, 232, 236, 241, 244, 247, 248, 249, 251"
490,1756983178119,1756983178123,1756983180416,1756983182257,4138,14,59,59,"1, 193, 195, 196, 197, 205, 207, 211, 213, 216, 217, 223, 225, 230, 232, 236, 241, 244, 247, 248, 249, 251"
491,1756983178940,1756983178940,1756983182166,1756983183318,4378,20,58,60,"1, 200, 202, 203, 209, 210, 212, 216, 221, 222, 229, 230, 232, 233, 235, 236, 237, 243, 245, 246, 249"
492,1756983180029,1756983180030,1756983182188,1756983183521,3492,21,58,60,"1, 200, 202, 203, 209, 210, 212, 216, 221, 222, 229, 230, 232, 233, 235, 236, 237, 243, 245, 246, 249"
493,1756983180718,1756983180854,1756983181867,1756983182853,2135,7,53,57,"1, 206, 208, 212, 213, 214, 215, 218, 222, 225, 231, 233, 234, 238, 239, 242, 244, 247, 250, 251"
494,1756983181576,1756983181577,1756983183484,1756983184696,3120,18,49,55,"1, 195, 199, 204, 209, 222, 224, 225, 226, 227, 230, 232, 234, 239, 240, 241, 242, 247, 250, 251"
495,1756983183356,1756983183358,1756983189475,1756983190759,7403,45,49,50,"1, 200, 203, 204, 213, 214, 215, 221, 222, 224, 231, 232, 235, 236, 240, 241, 244, 246, 249"
496,1756983184795,1756983184796,1756983185696,1756983187342,2547,27,49,51,"1, 200, 203, 204, 213, 214, 215, 221, 222, 224, 231, 232, 235, 236, 240, 241, 244, 246, 249"
497,1756983185413,1756983185413,1756983187351,1756983188730,3317,15,49,49,"1, 203, 205, 206, 207, 208, 213, 216, 222, 229, 231, 233, 234, 236, 238, 242, 251, 252"
498,1756983186353,1756983186354,1756983191994,1756983193675,7322,33,48,49,"1, 207, 215, 219, 220, 221, 224, 225, 226, 228, 232, 239, 240, 241, 244, 245, 249, 251"
499,1756983187573,1756983187574,1756983192537,1756983194007,6434,33,44,44,"1, 203, 206, 207, 209, 217, 222, 223, 226, 227, 228, 229, 232, 233, 234, 239, 243, 244"
500,1756983188560,1756983188561,1756983190793,1756983191445,2885,14,46,46,"1, 206, 211, 217, 219, 221, 222, 224, 234, 235, 239, 240, 244, 246, 247, 248, 250"
501,1756983189449,1756983189449,1756983192762,1756983193723,4274,23,45,45,"1, 210, 211, 212, 214, 215, 218, 219, 221, 227, 228, 238, 240, 242, 245, 248, 251"
502,1756983190400,1756983190463,1756983194076,1756983195119,4719,30,44,44,"1, 212, 213, 215, 216, 217, 226, 228, 230, 235, 237, 238, 243, 246, 247, 251"
503,1756983191599,1756983191670,1756983194865,1756983195734,4135,27,43,43,"1, 211, 216, 220, 228, 229, 232, 234, 236, 239, 241, 243, 245, 248, 249, 250"
504,1756983192446,1756983192447,1756983194747,1756983195843,3397,28,43,43,"1, 211, 216, 220, 228, 229, 232, 234, 236, 239, 241, 243, 245, 248, 249, 250"
505,1756983193335,1756983193335,1756983196532,1756983197222,3887,23,36,36,"1, 209, 211, 215, 217, 219, 220, 222, 224, 236, 237, 240, 249, 250, 251"
506,1756983194089,1756983194089,1756983196829,1756983197653,3564,30,40,40,"1, 213, 217, 226, 229, 230, 231, 235, 238, 241, 242, 244, 245, 248, 250"
507,1756983194773,1756983194774,1756983196771,1756983197096,2323,22,34,34,"1, 213, 214, 215, 217, 224, 225, 232, 235, 236, 240, 242, 246, 251"
508,1756983195449,1756983195450,1756983195727,1756983196699,1250,32,37,37,"1, 213, 214, 215, 217, 224, 225, 232, 235, 236, 240, 242, 246, 251"
509,1756983195965,1756983195965,1756983196135,1756983196809,844,10,32,32,"1, 213, 214, 215, 217, 224, 225, 232, 235, 236, 240, 242, 246, 251"
510,1756983196490,1756983196491,1756983198186,1756983199536,3046,22,38,38,"1, 218, 222, 224, 226, 227, 228, 236, 238, 240, 242, 244, 247, 248"
511,1756983197261,1756983197262,1756983200327,1756983200807,3546,43,33,33,"1, 217, 220, 221, 223, 231, 233, 237, 238, 239, 244, 248, 252"
512,1756983198111,1756983198112,1756983198874,1756983200327,2216,34,35,35,"1, 217, 219, 220, 221, 224, 230, 238, 239, 244, 247, 248, 250"
513,1756983198728,1756983198728,1756983198874,1756983199610,882,32,33,33,"1, 217, 219, 220, 221, 224, 230, 238, 239, 244, 247, 248, 250"
514,1756983199357,1756983199535,1756983202338,1756983202888,3531,43,31,32,"1, 220, 223, 225, 228, 229, 233, 237, 238, 241, 248, 250"
515,1756983200180,1756983200181,1756983201039,1756983201599,1419,51,29,32,"1, 220, 223, 225, 228, 229, 233, 237, 238, 241, 248, 250"
516,1756983200717,1756983200717,1756983201822,1756983202281,1564,21,25,30,"1, 220, 223, 231, 232, 235, 236, 237, 238, 242, 243, 244"
517,1756983201327,1756983201345,1756983204213,1756983204933,3606,37,26,31,"1, 223, 224, 234, 235, 236, 239, 240, 242, 245, 246, 248"
518,1756983202402,1756983202404,1756983206290,1756983206536,4134,62,20,28,"1, 226, 228, 238, 239, 240, 243, 244, 245, 248, 252"
519,1756983203339,1756983203340,1756983205526,1756983206088,2749,72,20,28,"1, 226, 228, 238, 239, 240, 243, 244, 245, 248, 252"
520,1756983204000,1756983204001,1756983204133,1756983204655,655,39,24,30,"1, 226, 228, 238, 239, 240, 243, 244, 245, 248, 252"
521,1756983204513,1756983204514,1756983205749,1756983206087,1574,28,19,25,"1, 225, 231, 232, 233, 234, 238, 241, 242, 252"
522,1756983205066,1756983205067,1756983205207,1756983205604,538,41,18,24,"1, 225, 231, 232, 233, 234, 238, 241, 242, 252"
523,1756983205570,1756983205694,1756983206222,1756983206692,1122,28,24,27,"1, 229, 231, 232, 233, 234, 235, 239, 242, 251"
524,1756983206314,1756983206496,1756983209370,1756983209700,3386,77,14,25,"1, 230, 232, 238, 240, 241, 243, 244, 247, 250"
525,1756983207195,1756983207211,1756983207890,1756983208439,1244,73,14,27,"1, 230, 232, 238, 240, 241, 243, 244, 247, 250"
526,1756983207819,1756983207851,1756983207912,1756983208206,387,43,12,24,"1, 233, 234, 236, 244, 246, 247, 249, 250"
527,1756983208376,1756983208380,1756983210291,1756983210639,2263,61,9,22,"1, 232, 236, 244, 245, 247, 249, 250, 252"
528,1756983208984,1756983208985,1756983209041,1756983209236,252,61,9,24,"1, 232, 236, 244, 245, 247, 249, 250, 252"
529,1756983209547,1756983209548,1756983210775,1756983210921,1374,63,7,19,"1, 231, 236, 240, 242, 244, 245, 248"
530,1756983210145,1756983210146,1756983210957,1756983211105,960,94,6,18,"1, 231, 236, 240, 242, 244, 245, 248"
531,1756983210689,1756983210690,1756983210747,1756983210846,157,70,11,21,"1, 235, 238, 239, 243, 246, 248, 251"
532,1756983211203,1756983211204,1756983212895,1756983213070,1867,74,8,20,"1, 235, 238, 239, 243, 246, 248, 251"
533,1756983211743,1756983211743,1756983211821,1756983212152,409,56,3,18,"1, 234, 235, 243, 244, 245, 246, 250"
534,1756983212292,1756983212293,1756983213777,1756983213842,1550,56,3,18,"1, 238, 243, 247, 248, 249, 252"
535,1756983212916,1756983212917,1756983213130,1756983213215,299,100,3,18,"1, 238, 243, 247, 248, 249, 252"
536,1756983213470,1756983213471,1756983213519,1756983213615,145,95,6,15,"1, 237, 238, 241, 242, 248"
537,1756983213975,1756983213985,1756983214011,1756983214139,164,91,6,15,"1, 237, 238, 241, 242, 248"
538,1756983214497,1756983214498,1756983214539,1756983214656,159,122,6,15,"1, 237, 238, 241, 242, 248"
539,1756983215009,1756983215011,null,null,null,102,0,6,"1, 237, 238, 241, 242, 248"
540,1756983215530,1756983215531,1756983215638,1756983215740,210,106,2,14,"1, 239, 243, 248, 250, 251"
541,1756983216033,1756983216034,1756983217386,1756983217502,1469,145,0,12,"1, 239, 243, 248, 250, 251"
542,1756983216600,1756983216616,1756983216635,1756983216695,95,198,0,12,"1, 242, 243, 247, 251"
543,1756983217118,1756983217120,1756983218191,1756983218236,1118,180,0,12,"1, 242, 243, 247, 251"
544,1756983217721,1756983217723,1756983217741,1756983217784,63,195,0,12,"1, 241, 243, 249, 252"
545,1756983218247,1756983218261,1756983218278,1756983218302,55,154,0,12,"1, 241, 243, 244, 250"
546,1756983218776,1756983218790,1756983218799,1756983218812,36,153,0,12,"1, 241, 243, 244, 250"
547,1756983219307,1756983219309,1756983219336,1756983219384,77,165,0,12,"1, 241, 244, 250, 251"
548,1756983219810,1756983219811,1756983219870,1756983219885,75,189,0,11,"1, 241, 244, 250, 251"
549,1756983220324,1756983220341,1756983220354,1756983220433,109,198,0,11,"1, 241, 244, 250, 251"
550,1756983220850,1756983220866,1756983221555,1756983221590,740,184,0,11,"1, 241, 244, 250, 251"
551,1756983221377,1756983221379,1756983221401,1756983221475,98,199,0,11,"1, 241, 244, 245, 250"
552,1756983221893,1756983221895,1756983221916,1756983221988,95,193,0,11,"1, 241, 244, 245, 250"
553,1756983222405,1756983222407,1756983222475,1756983222577,172,186,0,11,"1, 241, 244, 245, 250"
554,1756983222928,1756983222930,1756983223494,1756983223560,632,119,0,10,"1, 241, 244, 245, 250"
555,1756983223438,1756983223439,1756983223462,1756983223520,82,124,0,11,"1, 244, 246, 248, 249"
556,1756983223940,1756983223942,1756983223967,1756983224004,64,186,0,10,"1, 244, 246, 248, 249"
557,1756983224442,1756983224448,1756983224470,1756983224516,74,193,0,10,"1, 244, 246, 248, 249"
558,1756983224960,1756983224988,1756983226315,1756983226353,1393,194,0,10,"1, 244, 246, 248, 249"
559,1756983225542,1756983225544,1756983225552,1756983225577,35,212,0,11,"1, 242, 246, 247, 249"
560,1756983226045,1756983226046,1756983226057,1756983226074,29,198,0,11,"1, 242, 246, 247, 249"
561,1756983226547,1756983226549,1756983226567,1756983226596,49,172,0,11,"1, 242, 246, 247, 249"
562,1756983227052,1756983227107,1756983228361,1756983228394,1342,196,0,11,"1, 242, 246, 247, 249"
563,1756983227693,1756983227694,1756983227716,1756983227750,57,226,0,11,"1, 241, 243, 244, 247"
564,1756983228268,1756983228419,1756983228855,1756983228866,598,187,0,12,"1, 241, 248, 249, 250"
565,1756983228945,1756983228946,1756983228949,1756983228958,13,187,0,12,"1, 241, 248, 249, 250"
566,1756983230972,1756983230981,1756983231043,1756983231107,135,405,0,11,"1, 243, 248, 249, 250"
567,1756983231488,1756983231489,1756983231507,1756983231584,96,135,0,11,"1, 243, 248, 249, 250"
568,1756983231998,1756983232000,1756983232019,1756983232036,38,193,0,11,"1, 243, 248, 249, 250"
569,1756983232501,1756983232502,1756983232541,1756983232601,100,195,0,11,"1, 243, 248, 249, 250"
570,1756983233002,1756983233004,1756983233010,1756983233035,33,186,0,11,"1, 243, 248, 249, 250"
571,1756983233508,1756983233510,1756983233525,1756983233542,34,195,0,11,"1, 243, 248, 249, 250"
572,1756983234012,1756983234013,1756983234045,1756983234103,91,182,0,10,"1, 243, 248, 249, 250"
573,1756983234530,1756983234530,1756983234532,1756983234537,7,70,0,10,"1, 243, 248, 249, 250"
