id,start_time,end_time,duration,len_block_range
0,1714963202079,1714963203587,1508,147
1,1714963202697,1714963203747,1050,69
2,1714963203623,1714963204229,606,146
3,1714963204126,1714963204795,669,82
4,1714963204704,1714963205455,751,93
5,1714963205277,1714963206063,786,78
6,1714963205841,1714963206466,625,107
7,1714963206348,1714963207186,838,79
8,1714963206997,1714963207812,815,120
9,1714963207595,null,null,113
10,1714963208194,1714963209174,980,106
11,1714963208752,1714963209534,782,64
12,1714963209388,1714963210042,654,114
13,1714963209909,1714963210707,798,101
14,1714963210574,1714963211496,922,101
15,1714963211208,1714963211932,724,102
16,1714963211716,1714963212450,734,89
17,1714963212248,1714963212971,723,100
18,1714963212771,1714963213686,915,99
19,1714963213298,1714963214375,1077,104
20,1714963214108,1714963215160,1052,128
21,1714963214612,1714963215485,873,100
22,1714963215118,null,null,66
23,1714963215718,null,null,172
24,1714963216346,1714963217139,793,45
25,1714963216971,1714963217780,809,100
26,1714963217646,1714963218178,532,109
27,1714963218147,1714963218813,666,80
28,1714963218677,1714963219232,555,84
29,1714963219187,1714963220152,965,110
30,1714963219692,1714963220447,755,75
31,1714963220261,null,null,100
32,1714963221134,1714963222111,977,162
33,1714963221660,1714963222392,732,80
34,1714963222164,1714963222958,794,73
35,1714963222851,1714963223430,579,119
36,1714963223355,1714963224116,761,97
37,1714963223900,1714963224786,886,75
38,1714963224404,1714963224983,579,98
39,1714963224905,1714963225506,601,112
40,1714963225415,1714963226138,723,56
41,1714963225938,1714963226673,735,94
42,1714963226454,1714963227503,1049,85
43,1714963227248,1714963228020,772,152
44,1714963227751,1714963228481,730,72
45,1714963228307,1714963229030,723,136
46,1714963228929,1714963229461,532,62
47,1714963229438,1714963230176,738,111
48,1714963229958,1714963230700,742,70
49,1714963230536,1714963231182,646,108
50,1714963231121,1714963231847,726,98
51,1714963231701,1714963232439,738,94
52,1714963232235,1714963232807,572,79
53,1714963232749,1714963233319,570,96
54,1714963233276,1714963233984,708,69
55,1714963233781,1714963234530,749,86
56,1714963234360,1714963235099,739,102
57,1714963235014,1714963235626,612,96
58,1714963235529,1714963236507,978,108
59,1714963236152,1714963236870,718,95
60,1714963236666,1714963237288,622,84
61,1714963237196,1714963238185,989,81
62,1714963237846,1714963238672,826,141
63,1714963238555,1714963239324,769,102
64,1714963239111,1714963239780,669,80
65,1714963239672,1714963240500,828,102
66,1714963240316,1714963241069,753,113
67,1714963240822,1714963241696,874,108
68,1714963241333,1714963242082,749,91
69,1714963241902,1714963242597,695,88
70,1714963242410,1714963243206,796,115
71,1714963243139,null,null,76
72,1714963243698,1714963244376,678,103
73,1714963244203,1714963244743,540,95
74,1714963244707,1714963245324,617,78
75,1714963245223,1714963246154,931,90
76,1714963245809,1714963246667,858,102
77,1714963246311,1714963247156,845,105
78,1714963246891,1714963247552,661,117
79,1714963247399,1714963248086,687,104
80,1714963247952,1714963248712,760,41
81,1714963248598,1714963249203,605,105
82,1714963249100,1714963249685,585,87
83,1714963249611,1714963250489,878,114
84,1714963250126,1714963250823,697,69
85,1714963250747,1714963251514,767,104
86,1714963251269,1714963252307,1038,120
87,1714963251942,1714963252787,845,87
88,1714963252534,1714963253502,968,113
89,1714963253338,1714963254100,762,132
90,1714963253888,1714963254784,896,122
91,1714963254440,1714963255190,750,88
92,1714963255042,1714963255939,897,117
93,1714963255713,1714963256471,758,90
94,1714963256222,1714963256963,741,78
95,1714963256786,1714963257490,704,103
96,1714963257302,1714963257992,690,73
97,1714963257823,1714963258464,641,97
98,1714963258329,1714963259165,836,80
99,1714963259000,1714963259796,796,144
100,1714963259637,1714963260295,658,80
101,1714963260164,1714963260760,596,89
102,1714963260713,1714963261238,525,24
